 DROP TABLE IF EXISTS `bacterials`;
 CREATE TABLE `bacterials` (
   `Codice` char(8) NOT NULL,
   `Name` char(50) NOT NULL);

 DROP TABLE IF EXISTS `medicines`;
 CREATE TABLE `medicines` (
   `Codice` char(8) NOT NULL,
   `Name` char(50) NOT NULL,
   `Cod_button` int NOT NULL, 
   `A_Oral` char(255),
   `A_Parenteral` char(255),
   `A_Serious` char(255),
   `P_Oral` char(255),
   `P_Parenteral` char(255),
   `Renal` char(255));

DROP TABLE IF EXISTS `effectiveness`;
CREATE TABLE `effectiveness` (
   `Bacterial` char(8) NOT NULL,
   `Antibacterial` char(8) NOT NULL,
   `Effective` INT NOT NULL);

DROP TABLE IF EXISTS `ivac_antibiotics`;
CREATE TABLE `ivac_antibiotics` (
   `Codice` char(8) NOT NULL,
   `Name` char(50) NOT NULL,
   `Dosage` char(255));

DROP TABLE IF EXISTS `ivac_enterobacterales`;
CREATE TABLE `ivac_enterobacterales` (
   `Codice` char(8) NOT NULL,
   `Name` char(50) NOT NULL);
  
DROP TABLE IF EXISTS `ivac_compositions`;
CREATE TABLE `ivac_compositions` (
   `Codice` char(8) NOT NULL,
   `Entero1` char(8) NOT NULL,
   `Entero2` char(8) NOT NULL);
  
DROP TABLE IF EXISTS `ivac_compatibile`;
CREATE TABLE `ivac_compatibile` (
   `Entero` char(8) NOT NULL,
   `Treatment` char(8) NOT NULL);
  
INSERT INTO `ivac_compatibile` VALUES
('IE001', 'IA001'),
('IE001', 'IA002'),
('IE002', 'IA003'),
('IE002', 'IA004'),
('IE002', 'IC001'),
('IE002', 'IC002'),
('IE002', 'IA008'),
('IE002', 'IC003'),
('IE003', 'IA010'),
('IE003', 'IA011'),
('IE003', 'IA005'),
('IE004', 'IA005'),
('IE004', 'IA008'),
('IE005', 'IA010'),
('IE005', 'IA012'),
('IE006', 'IC004'),
('IE007', 'IA008');

INSERT INTO `ivac_compositions` VALUES
('IC001', 'IA005', 'IA006'),
('IC002', 'IA005', 'IA007'),
('IC003', 'IA006', 'IA009'),
('IC004', 'IA013', 'IA005');

INSERT INTO `ivac_enterobacterales` VALUES
('IE001', 'IVAC Enterobacterales multi-sensitive'),
('IE002', 'IVAC Enterobacterales KPC'),
('IE003', 'IVAC Enterobacterales ESBL'),
('IE004', 'IVAC Enterobacterales OXA 48'),
('IE005', 'IVAC Enterobacterales AmpC'),
('IE006', 'IVAC Enterobacterales MBL NDM'),
('IE007', 'IVAC Enterobacterales MBL VIM-IMP');
  
INSERT INTO `ivac_antibiotics` VALUES
('IA001', 'Ampicillin/Sulbactam', 'loading dose 3 g, maintenance dose 3 g q6h in continous infusion 6 h'),
('IA002', 'Ceftriaxone', '2 g q24h'),
('IA003', 'Meropenem/Vaborbactam', 'loading dose 2g/2g,  maintenance dose 2g/2g q8h in continous infusion'),
('IA004', 'Imipenem/relebactam', '0,5g/0,25g q6h'),
('IA005', 'Ceftazidime/Avibactam', 'loading dose 2,5 g ,  maintenance dose 2,5 g q8h in continous infusion 8h'),
('IA006', 'Fosfomycin', 'loading dose 6 g ,  maintenance dose 16 g in continous infusion'),
('IA007', 'TMT/SMX', '10/20 mg/Kg/die TMP'),
('IA008', 'Cefiderocol', 'loading dose 2 g, maintenance dose 2g q8h in continous infusion 8h'),
('IA009', 'Meropenem', 'loading dose 2 g, maintenance dose 1,5 g q6h in continous infusion 6h'),
('IA010', 'Meropenem', 'loading dose 2 g, maintenance dose 0,5-1 g q6h in continous infusion 6h'),
('IA011', 'Ceftolozano/tazobactam', 'loading dose 3g, maintenance dose 9g in continous infusion'),
('IA012', 'Cefepime', 'loading dose 2g, maintenance dose 6g in continous infusion'),
('IA013', 'Aztreonam', '2g q8h in continous infusion 8h');

-- BEGIN;
INSERT INTO `medicines` VALUES
('M001', 'PENICILLIN_G', 0, 'N/A', '1–4 million units IV every 4–6 hours', '4 million units IV every 4 hours', 'N/A', '6,250–100,000 units/kg IV every 6 hours or 4,166.6–66,666 units/kg IV every 4 hours', '0.5–2 million units IV every 4–6 hours (maximum total daily dose: 6 million units/day)'),
('M002', 'PENICILLIN_VK', 1, '0.25–0.5 g every 6–12 hours', 'N/A', 'N/A', '6.25–12.5 mg/kg every 8 hours', 'N/A', 'N/A'),
('M003', 'NAFCILLIN', 2, 'Rarely used', '1–2 g IV every 4 hours', '2 g IV every 4 hours', 'N/A', '12.5–25 mg/kg IV every 6 hours or 8.3–33.3 mg/kg every 4 hours', '1–2 g IV every 4 hours'),
('M004', 'OXACILLIN', 3, 'Rarely used', '1–2 g IV every 4 hours', '2 g IV every 4 hours', 'N/A', '12.5–25 mg/kg IV every 6 hours or 8.3–33.3 mg/kg every 4 hours', '1–2 g IV every 4 hours'),
('M005', 'CLOXACILLIN', 4, 'N/A', 'N/A', 'N/A', 'N/A', 'N/A', 'N/A'),
('M006', 'FLUCLOXACILLIN', 5, 'N/A', 'N/A', 'N/A', 'N/A', 'N/A', 'N/A'),
('M007', 'DICLOXACILLIN', 6, '0.125–0.5 g every 6 hours', 'N/A', 'N/A', '3.125–6.25 mg/kg every 6 hours', 'N/A', '0.125–0.5 g orally every 6 hours'),
('M008', 'AMPICILLIN', 7, 'N/A', '0.5–2.0 g IV every 4–6 hours', '2 g IV every 4 hours', 'N/A', '25–50 mg/kg IV every 6 hours', '0.5–2.0 g IV every 12–24 hours'),
('M009', 'AMOXICILLIN', 8, '0.25–0.5 g every 8 hours or 0.875 g every 12 hours', 'N/A', 'N/A', '12.5–25 mg/kg every 12 hours or 7–13 mg/kg every 8 hours', 'N/A', '0.25–0.5 g orally every 24 hours'),
('M010', 'AMOX_CLAV', 9, 'N/A', 'N/A', 'N/A', 'N/A', 'N/A', 'N/A'),
('M011', 'AMP_SULB', 10, 'N/A', '1.5–3.0 g IV every 6 hours', '3 g IV every 6 hours', 'N/A', '25–50 mg/kg IV every 6 hours', '1.5–3.0 g IV every 24 hours'), --Ampicillin/subalctam
('M012', 'PIP_TAZO', 11, 'N/A', '3.375 g IV every 6 hours', '3.375 g IV infused over 4 hours every 8 hours or 4.5 g IV every 6 hours', 'N/A', '80 mg/kg IV every 8 hours', '2.25 g IV every 8 hours to 4.5 g IV every 12 hours'), -- Piperacillin/tazobactam
('M013', 'DORIPENEM', 12, 'N/A', '0.5 g IV every 8 hours', '0.5 g IV every 8 hours', 'N/A', 'N/A', '0.25 g IV every 24 hours'),
('M014', 'ERTAPENEM', 13, 'N/A', '1 g IV every 24 hours', '1 g IV every 24 hours', 'N/A', 'N/A', '0.5 g IV every 24 hours'),
('M015', 'IMIPENEM', 14, 'N/A', '0.5–1.0 g IV every 6 hours', '1 g IV every 6 hours', 'N/A', 'For infants 4 weeks to 3 months: 25 mg/kg IV every 6 hours. ' || char(10) || 'For children >3 months: 15–25 mg/kg IV every 6 hours', '0.125–0.25 g IV every 12 hours (may increase risk of seizures)'),
('M016', 'MEROPENEM', 15, 'N/A', '1 g IV every 8 hours', '2 g IV every 8 hours', 'N/A', '20–40 mg/kg IV every 8 hours', '0.5 g IV every 24 hours'),
('M017', 'MERO_VABOR', 16, 'N/A', '4 g IV every 8 hours', '4 g IV every 8 hours', 'N/A', 'N/A', '1g IV every 12 hours'), -- Meropenem/vaborbactam
('M018', 'AZREONAM', 17, 'N/A', 'N/A', 'N/A', 'N/A', 'N/A', 'N/A'),
('M019', 'CIPROFLOXACILIN', 18, '0.5–0.75 g every 12 hours', '0.2–0.4 g IV every 8–12 hours', '0.4 g IV every 8 hours', '10–15 mg/kg IV every 12 hours (in select circumstances)', '10–15 mg/kg IV every 12 hours (in select circumstances)', '0.5–0.75 g orally every 24 hours or 0.2–0.4 g IV every 24 hours'),
('M020', 'DELAFLOXACIN', 19, '450 mg every 12 hours', '300 mg IV every 12 hours', '300 mg IV every 12 hours', 'N/A', 'N/A', 'N/A'),
('M021', 'OFLOXACIN', 20, '0.2–0.4 g every 12 hours', '0.4 g IV every 12 hours', '0.2–0.4 g IV every 12 hours', 'N/A', 'N/A', '0.1–0.2 g orally or IV every 24 hours'),
('M022', 'LEVOFLOXACIN', 21, '0.25–0.75 g every 24 hours', '0.25–0.75 IV g every 24 hours', '0.75 g IV every 24 hours', 'N/A', 'N/A', '0.25–0.5 g orally or IV every 48 hours'),
('M023', 'MOXIFLOXACIN', 22, '0.4 g every 24 hours', '0.4 g IV every 24 hours', '0.4 g IV every 24 hours', 'N/A', 'N/A', '0.4 g every 24 hours orally or IV'),
('M024', 'NORFLOXACIN', 23, '0.4 g every 12 hours', 'N/A', 'N/A', 'N/A', 'N/A', '0.4 g orally every 24 hours'),
('M025', 'PRULIFLOXACIN', 24, 'N/A', 'N/A', 'N/A', 'N/A', 'N/A', 'N/A'),
('M026', 'GEMIFLOXACIN', 25, '320 mg every 24 hours', 'N/A', 'N/A', 'N/A', 'N/A', '160 mg orally every 24 hours'),
('M027', 'GATIFLOXACIN', 26, 'N/A', 'N/A', 'N/A', 'N/A', 'N/A', 'N/A'),
('M028', 'CEFAZOLIN', 27, 'N/A', '1–2 g IV every 8 hours', '2 g IV every 8 hours', 'N/A', '16.6–33.3 mg/kg IV every 8 hours', '1–2 g IV every 24–48 hours'),
('M029', 'CAFOETAN', 28, 'N/A', 'N/A', 'N/A', 'N/A', 'N/A', 'N/A'),
('M030', 'CEFOXITIN', 29, 'N/A', '1 g IV every 8 hours to 2 g IV every 4 hours', '2 g IV every 4 hours or 3 g IV every 6 hours', 'N/A', '27–33 mg/kg IV every 8 hours or, for severe infections, 25–40 mg/kg every 6 hours', '0.5–1.0 g IV every 24–48 hours'),
('M031', 'CEFUROXIME', 30, '0.125–0.5 g every 12 hours', '0.75–1.5 g IV every 6–8 hours', '1.5 g IV every 6 hours', '10–15 mg/kg suspension every 12 hours' || char(10) || 'For older children: 125–250-mg tablets every 12 hours',  '25–50 mg/kg IV every 8 hours', '0.25–0.5 g orally every 24 hours or 0.75 g IV every 24 hours'),
('M032', 'CEFOTAXIME', 31, 'N/A', '1 g every 12 hours to 2 g IV every 4 hours', '2 g IV every 4 hours', 'N/A', '8.3–33.3 mg/kg IV every 4 hours or 16.6–66.6 mg/kg every 6 hours', '1–2 g IV every 24 hours'),
('M033', 'CEFTIZOXIME', 32, 'N/A', 'N/A', 'N/A', 'N/A', 'N/A', 'N/A'),
('M034', 'CEFTRIAXONE', 33, 'N/A', '1–2 g IV every 24 hours', '2 g IV every 24 hours', 'N/A', '50–75 mg/kg IV every 24 hours or 25–37.5 mg/kg every 12 hours', 'Same as adult dose'),
('M035', 'CEFTAZIDIME', 34, 'N/A', '1 g IV every 12 hours to 2 g every 8 hours', '2 g IV every 8 hours', 'N/A', '25–50 mg/kg IV every 8 hours', '0.5 g IV every 24–48 hours'),
('M036', 'CEFEPIME', 35, 'N/A', '1–2 g IV every 8–12 hours', '2 g IV every 8 hours', 'N/A', '50 mg/kg IV every 8–12 hours', '0.25–1 g IV every 24 hours'),
('M037', 'CEFTAZ_AVIBAC', 36, 'N/A', '2.5 g IV every 8 hours', '2.5 g IV every 8 hours', 'N/A', 'N/A', '0.94 g IV every 24–48 hours'),  -- Ceftazidime/avibactam
('M038', 'CEFTAROLINE', 37, 'N/A', '0.6 g IV every 12 hours', '0.6 g IV every 12 hours', 'N/A', 'N/A', '0.2 g IV every 12 hours'),
('M039', 'CEFTOL_TAZO', 38, 'N/A', '1.5 g IV every 8 hours', '1.5 g IV every 8 hours', 'N/A', 'N/A', '0.75 g IV once, then 0.15 g IV every 8 hours'),  -- Ceftolozane/tazobactam
('M040', 'CEFADROXIL', 39, '0.5–1 g every 12 hours', 'N/A', 'N/A', '15 mg/kg every 12 hours', 'N/A', '0.5 g orally every 36 hours'),
('M041', 'CEPHALEXIN', 40, '0.25–0.5 g every 6 hours', 'N/A', 'N/A', '6.25–12.5 mg/kg every 6 hours or 8.0–16 mg/kg every 8 hours', 'N/A', '0.25–0.5 g orally every 24–48 hours'),
('M042', 'CEFACLOR', 41, '0.25–0.5 g every 8 hours', 'N/A', 'N/A', '10–20 mg/kg every 12 hours or 6.6–13.3 mg/kg every 8 hours', 'N/A', '0.5 g orally every 12 hours'),
('M043', 'CEFPROZIL', 42, '0.25 g every 12 hours or 0.5 g every 12–24 hours', 'N/A', 'N/A', '15 mg/kg every 12 hours for otitis media', 'N/A', '0.25 g orally every 12–24 hours'),
('M044', 'CEFUROX_AXE', 43, 'N/A', 'N/A', 'N/A', 'N/A', 'N/A', 'N/A'),
('M045', 'CEFIXIME', 44, 'N/A', 'N/A', 'N/A', 'N/A', 'N/A', 'N/A'),
('M046', 'CEFTIBUTEN', 45, '0.4 g every 24 hours', 'N/A', 'N/A', '9 mg/kg once/day', 'N/A', '0.1 g orally every 24 hours'),
('M047', 'CEFPODOXIME', 46, '0.1–0.4 g every 12 hours', 'N/A', 'N/A', '5 mg/kg every 12 hours', 'N/A', '0.1–0.4 g orally every 24 hours'),
('M048', 'CEFDINIR', 47, 'N/A', 'N/A', 'N/A', 'N/A', 'N/A', 'N/A'),
('M049', 'CEFDITOREN', 48, 'N/A', 'N/A', 'N/A', 'N/A', 'N/A', 'N/A'),
('M050', 'GENTAMICIN', 49, 'N/A', '5–7 mg/kg IV once/day or 1.7 mg/kg IV every 8 hours', '5–7 mg/kg IV once/day', 'N/A', '1–2.5 mg/kg IV every 8 hours', '0.34–0.51 mg/kg IV every 24–48 hours'),
('M051', 'TOBRAMYCIN', 50, 'N/A', '5–7 mg/kg IV once/day or 1.7 mg/kg IV every 8 hours', '5–7 mg/kg IV once/day or 1.7 mg/kg IV every 8 hours', 'N/A', '1–2.5 mg/kg IV every 8 hours', '0.34–0.51 mg/kg IV every 24–48 hours'),
('M052', 'AMIKACIN', 51, 'N/A', '15 mg/kg IV once/day or 7.5 mg/kg every 12 hours', '15 mg/kg IV once/day or 7.5 mg/kg IV every 12 hours', 'N/A', '5–7.5 mg/kg IV every 12 hours', '1.5–2.5 mg/kg IV every 24–48 hours'),
('M053', 'CHLORAMPHENICOL', 52, '0.25–1 g every 6 hours', '0.25–1.0 g IV every 6 hours', '1 g IV every 6 hours', 'N/A', '12.5–18.75 mg/kg IV every 6 hours', '0.25–1.0 g IV every 6 hours'),
('M054', 'CLYNDAMYCIN', 53, 'N/A', 'N/A', 'N/A', 'N/A', 'N/A', 'N/A'),
('M055', 'ERYTHROMYCIN', 54, '0.25–0.5 g every 6 hours', 'N/A', 'N/A', '10–16.6 mg/kg every 8 hours or 7.5–12.5 mg/kg every 6 hours', 'N/A', '0.25 g orally every 6 hours'),
('M056', 'AZITHROMYCIN', 55, '0.5 g on day 1, then 0.25 g every 24 hours for 4 days', '0.5 g IV every 24 hours', '0.5 g IV every 24 hours', '—', 'N/A', '0.5 g orally on day 1, then 0.25 g orally every 24 hours for 4 days or 0.5 g IV every 24 hours'),
('M057', 'CLARITHROMYCIN', 56, '0.25–0.5 g every 12 hours' || char(10) || 'Extended-release: 1 g every 24 hours', 'N/A', 'N/A', '7.5 mg/kg every 12 hours', 'N/A', '0.25–0.5 g orally every 24 hours'),
('M058', 'TELITHROMICYIN', 57, 'N/A', 'N/A', 'N/A', 'N/A', 'N/A', 'N/A'),
('M059', 'DOXYCYCLINE', 58, '0.1 g every 12 hours', '0.1 g IV every 12 hours', '0.1 mg IV every 12 hours', 'Age > 8 years: 2–4 mg/kg every 24 hours or 1–2 mg/kg every 12 hours', 'Age > 8 years: 2–4 mg/kg IV every 24 hours or 1–2 mg/kg IV every 12 hours', '0.1 g IV or orally every 12 hours'),
('M060', 'MINOCYCLINE', 59, '0.1 g every 12 hours', '0.1 g IV every 12 hours', '0.1 g IV every 12 hours', 'N/A', 'N/A', '0.1 g IV or orally every 12 hours'),
('M061', 'TETRACYCLINE', 60, '0.25–0.5 g every 6 hours', 'N/A', 'N/A', 'Age > 8 years: 6.25–12.5 mg/kg every 6 hours', 'N/A', 'Doxycycline used instead'),
('M062', 'TIGECYCLINE', 61, 'N/A', '100 mg, then 50 mg (25 mg for severe hepatic dysfunction) IV every 12 hours', 'Same as adult dose[g]', 'N/A', 'N/A', 'Same as adult dose'),
('M063', 'DAPTOMYCIN', 62, 'N/A', '4–6 mg/kg IV every 24 hours', '8–10 mg/kg IV every 24 hours[g]', 'N/A', 'N/A', '4–6 mg/kg IV every 48 hours'),
('M064', 'VANCOMYCIN', 63, '125 mg every 6 hours (only effective for C. difficile–induced diarrhea)', '15 mg/kg IV every 12 hours (often 1 g every 12)', '25 mg/kg once, then 15–20 mg/kg IV every 8–12 hours[g]', 'N/A', '13 mg/kg IV every 8 hours or 10 mg/kg IV every 6 hours', '0.5–1.0 g IV every week[h]'),
('M065', 'TEICLOPLANIN', 64, 'N/A', 'N/A', 'N/A', 'N/A', 'N/A', 'N/A'),
('M066', 'TELAVANCIN', 65, 'N/A', '10 mg/kg IV every 24 hours', '10 mg/kg IV every 24 hours', 'N/A', 'N/A', 'N/A'),
('M067', 'ORITAVANCIN', 66, 'N/A', '1200 mg as a single dose', '1200 mg as a single dose', 'N/A', 'N/A', '1200 mg as a single dose'),
('M068', 'DALBAVANCIN', 67, 'N/A', '1500 mg as a single dose or 1000 mg once, followed by a 500-mg dose 1 week later', '1500 mg as a single dose or 1000 mg once, followed by a 500-mg dose 1 week later', 'N/A', 'N/A', '1125 mg as a single dose or 750 mg once, followed by a 375-mg dose 1 week later'),
('M069', 'LINEZOLID', 68, '0.6 g every 12 hours', '0.6 g IV every 12 hours', '0.6 g IV every 12 hours', '10 mg/kg every 8 hours', '10 mg/kg IV every 8 hours', '0.6 g IV or orally every 12 hours'),
('M070', 'TEDIZOLID', 69, '200 mg every 24 hours', '200 mg IV every 24 hours', '200 mg IV every 24 hours', 'N/A', 'N/A', '200 mg orally or IV every 24 hours'),
('M071', 'POLYMYXIN_B', 70, 'N/A', 'N/A', 'N/A', 'N/A', 'N/A', 'N/A'),
('M072', 'COLISTIN', 71, 'N/A', '2.5–5 mg/kg/day IV in 2–4 doses', '2.5–5 mg/kg/day IV in 2–4 doses[g]', 'N/A', 'N/A', '1.5 mg/kg every 36 hours'),   -- Colistin (polymyxin E)
('M073', 'FUSIDIC_ACID', 72, 'N/A', 'N/A', 'N/A', 'N/A', 'N/A', 'N/A'),
('M074', 'RIF_COMB', 73, 'N/A', 'N/A', 'N/A', 'N/A', 'N/A', 'N/A'),
('M075', 'TMP_SMX', 74, 'N/A', 'N/A', 'N/A', 'N/A', 'N/A', 'N/A'),
('M076', 'NITROFURANTOIN', 75, 'N/A', 'N/A', 'N/A', 'N/A', 'N/A', 'N/A'),
('M077', 'FOSFOMYCIN_IV', 76, 'N/A', 'N/A', 'N/A', 'N/A', 'N/A', 'N/A'),
('M078', 'FOSFOMYCIN_PO', 77, 'N/A', 'N/A', 'N/A', 'N/A', 'N/A', 'N/A'),
('M079', 'METRONIDAZOLE', 78, 'N/A', 'N/A', 'N/A', 'N/A', 'N/A', 'N/A'),
('M080', 'QUINU_DALFO', 79, 'N/A', '7.5 mg/kg IV every 8–12 hours', '7.5 mg/kg IV every 8 hours', 'N/A', '7.5 mg/kg IV every 12 hours for complicated skin or skin structure infection or 7.5 mg/kg every 8 hours for serious infections', '7.5 mg/kg IV every 8–12 hours');   -- Quinupristin/dalfopristin
-- COMMIT;

-- BEGIN;
INSERT INTO `bacterials` VALUES
('B001', 'ENTEROCOCCUS FAECALIS S'),
('B002', 'ENTEROCOCCUS FAECIUM S'),
('B003', 'ENTEROCOCCUS FAECALIS VRE'),
('B004', 'ENTEROCOCCUS FAECIUM VRE'),
('B005', 'STAPHYLOCOCCUS AUREUR MSSA'),
('B006', 'STAPHYLOCOCCUS AUREUS HA MRSA'),
('B007', 'STAPHYLOCOCCUS AUREUS CA MRSA'),
('B008', 'STAPHYLOCOCCUS COAG. NEG. S'),
('B009', 'STAPHYLOCOCCUS COAG. NEG. R'),
('B010', 'STAPHYLOCOCCUS EPIDERMIDIS R'),
('B011', 'STAPHYLOCOCCUS EPIDERMIDIS S'),
('B012', 'STAPHYLOCOCCUS LUGDUNSESIS'),
('B013', 'STAPHYLOCOCCUS SAPROPHYTICUS'),
('B014', 'STREPTOCOCCUS ANGINOSIS GP'),
('B015', 'STREPTOCOCCUS PYOGENES A'),
('B016', 'STREPTOCOCCUS AGALACTIAE B'),
('B017', 'STREPTOCOCCUS GP C F G'),
('B018', 'STREPTOCOCCUS PNEUMONIAE'),
('B019', 'STREPTOCOCCUS VIRIDANS'),
('B020', 'ARCANOBACTER SP'),
('B021', 'CLOSTRIDIUM DIPHTHERIAE'),
('B022', 'CORYNEBACTERIUM JEIKEIUM'),
('B023', 'LISTERIA MONOCYTOGENES'),
('B024', 'NOCARDIA SP'),
('B025', 'AEROMANAS SP'),
('B026', 'CORYNEBACTERIUM JEJUNI'),
('B027', 'C. FREUNDII'),
('B028', 'C. KOSERI'),
('B029', 'E. AEROGENES'),
('B030', 'E. CLOACAE'),
('B031', 'ESCHERICHIA COLI S'),
('B032', 'ESCHERICHIA  COLI KLEBS ESBL'),
('B033', 'ESCHERICHIA COLI KLEBS KPC'),
('B034', 'ESCHERICHIA COLI KLEBS MBL'),
('B035', 'ENTERICS CRE NOS'),
('B036', 'K OXYTOCA'),
('B037', 'K PNEUMONIAE S'),
('B038', 'MORGANELLA SP'),
('B039', 'PROTEUS MIRABILIS'),
('B040', 'PROTEUS VULGARIS'),
('B041', 'PROVIDENCIA SP.'),
('B042', 'SALMONELLA SP.'),
('B043', 'SERRATIA SP.'),
('B044', 'SHIGELLA SP.'),
('B045', 'YERSINIA ENTEROLITICA'),
('B046', 'BARTONELLA SP.'),
('B047', 'BORDETELLA PERTUSSIS'),
('B048', 'BORRELIA BURGDOFERI'),
('B049', 'BRUCELLA SP.'),
('B050', 'CAPNOCTOPHAGIA'),
('B051', 'C. BURNETII'),
('B052', 'EHRLICHIA ANAPLAS'),
('B053', 'EIKENELLA SP.'),
('B054', 'FRANCISELLA. TULARENSIS'),
('B055', 'HAEMOPHILUS  DUCREYI'),
('B056', 'HAEMOPHILUS INFLUENZAE'),
('B057', 'KINGELLA SP.'),
('B058', 'K. GRANNLOMATIS'),
('B059', 'LEGIONELLA SP.'),
('B060', 'LEPTOSPIRA SP.'),
('B061', 'M. CATARRHALIS'),
('B062', 'NEISSERIE GONORRHOEAE'),
('B063', 'N. MENINGITIDIS'),
('B064', 'P. MULTOCIDA'),
('B065', 'R. RICKETSII'),
('B066', 'TREPONEMA PALLIDUM'),
('B067', 'VIBRIO CHOLERA'),
('B068', 'V. PARAHEMOLYTICUS'),
('B069', 'V. VULNIFICUS'),
('B070', 'YERSINIA PESTIS'),
('B071', 'ACINETOBACTER BAUMANII'),
('B072', 'B. CEPACIA'),
('B073', 'PSEUDOMONAS AUREGINOSA'),
('B074', 'S. MALTOPHILLA'),
('B075', 'C. TRACHOMATIS'),
('B076', 'CHLAMYDOPHILA SP'),
('B077', 'M. GENITALIUM'),
('B078', 'M. PNEUMONIAE'),
('B079', 'U. UREALYTICUS'),
('B080', 'B. FRAGILIS'),
('B081', 'F. NECROPHORUM'),
('B082', 'P. MELANINOGENICA'),
('B083', 'ACTINOMYCES SP'),
('B084', 'CLOSTRIDIUM DIFFICILLE'),
('B085', 'CLOSTRIDUM SP'),
('B086', 'P. ACNES'),
('B087', 'PEPTOSTREPTOCOCCI');

INSERT INTO `effectiveness` VALUES
('B001', 'M001', 5),
('B002', 'M001', 3),
('B003', 'M001', 3),
('B004', 'M001', 3),
('B005', 'M001', 3),
('B006', 'M001', 2),
('B007', 'M001', 2),
('B008', 'M001', 3),
('B009', 'M001', 2),
('B010', 'M001', 2),
('B011', 'M001', 3),
('B012', 'M001', 3),
('B013', 'M001', 3),
('B014', 'M001', 5),
('B015', 'M001', 5),
('B016', 'M001', 5),
('B017', 'M001', 5),
('B018', 'M001', 5),
('B019', 'M001', 3),
('B020', 'M001', 4),
('B021', 'M001', 5),
('B022', 'M001', 2),
('B023', 'M001', 4),
('B024', 'M001', 2),
('B025', 'M001', 2),
('B026', 'M001', 2),
('B027', 'M001', 2),
('B028', 'M001', 2),
('B029', 'M001', 2),
('B030', 'M001', 2),
('B031', 'M001', 2),
('B032', 'M001', 2),
('B033', 'M001', 2),
('B034', 'M001', 2),
('B035', 'M001', 2),
('B036', 'M001', 2),
('B037', 'M001', 2),
('B038', 'M001', 2),
('B039', 'M001', 2),
('B040', 'M001', 2),
('B041', 'M001', 2),
('B042', 'M001', 2),
('B043', 'M001', 2),
('B044', 'M001', 2),
('B045', 'M001', 2),
('B046', 'M001', 2),
('B047', 'M001', 2),
('B048', 'M001', 4),
('B049', 'M001', 2),
('B050', 'M001', 3),
('B051', 'M001', 2),
('B052', 'M001', 2),
('B053', 'M001', 3),
('B054', 'M001', 2),
('B055', 'M001', 2),
('B056', 'M001', 2),
('B057', 'M001', 4),
('B058', 'M001', 2),
('B059', 'M001', 2),
('B060', 'M001', 5),
('B061', 'M001', 2),
('B062', 'M001', 2),
('B063', 'M001', 4),
('B064', 'M001', 5),
('B065', 'M001', 2),
('B066', 'M001', 5),
('B067', 'M001', 2),
('B068', 'M001', 2),
('B069', 'M001', 2),
('B070', 'M001', 2),
('B071', 'M001', 2),
('B072', 'M001', 2),
('B073', 'M001', 2),
('B074', 'M001', 2),
('B075', 'M001', 2),
('B076', 'M001', 2),
('B077', 'M001', 2),
('B078', 'M001', 2),
('B079', 'M001', 2),
('B080', 'M001', 2),
('B081', 'M001', 3),
('B082', 'M001', 3),
('B083', 'M001', 5),
('B084', 'M001', 2),
('B085', 'M001', 5),
('B086', 'M001', 5),
('B087', 'M001', 5),
('B001', 'M002', 2),
('B002', 'M002', 2),
('B003', 'M002', 2),
('B004', 'M002', 2),
('B005', 'M002', 3),
('B006', 'M002', 2),
('B007', 'M002', 2),
('B008', 'M002', 3),
('B009', 'M002', 2),
('B010', 'M002', 2),
('B011', 'M002', 3),
('B012', 'M002', 3),
('B013', 'M002', 3),
('B014', 'M002', 5),
('B015', 'M002', 5),
('B016', 'M002', 5),
('B017', 'M002', 5),
('B018', 'M002', 5),
('B019', 'M002', 3),
('B020', 'M002', 4),
('B021', 'M002', 5),
('B022', 'M002', 2),
('B023', 'M002', 2),
('B024', 'M002', 2),
('B025', 'M002', 2),
('B026', 'M002', 2),
('B027', 'M002', 2),
('B028', 'M002', 2),
('B029', 'M002', 2),
('B030', 'M002', 2),
('B031', 'M002', 2),
('B032', 'M002', 2),
('B033', 'M002', 2),
('B034', 'M002', 2),
('B035', 'M002', 2),
('B036', 'M002', 2),
('B037', 'M002', 2),
('B038', 'M002', 2),
('B039', 'M002', 2),
('B040', 'M002', 2),
('B041', 'M002', 2),
('B042', 'M002', 2),
('B043', 'M002', 2),
('B044', 'M002', 2),
('B045', 'M002', 2),
('B046', 'M002', 2),
('B046', 'M002', 2),
('B046', 'M002', 2),
('B047', 'M002', 2),
('B048', 'M002', 2),
('B049', 'M002', 2),
('B050', 'M002', 3),
('B051', 'M002', 2),
('B052', 'M002', 2),
('B053', 'M002', 3),
('B054', 'M002', 2),
('B055', 'M002', 2),
('B056', 'M002', 2),
('B057', 'M002', 4),
('B058', 'M002', 2),
('B059', 'M002', 2),
('B060', 'M002', 2),
('B061', 'M002', 2),
('B062', 'M002', 2),
('B063', 'M002', 2),
('B064', 'M002', 5),
('B065', 'M002', 2),
('B066', 'M002', 2),
('B067', 'M002', 2),
('B068', 'M002', 2),
('B069', 'M002', 2),
('B070', 'M002', 2),
('B071', 'M002', 2),
('B072', 'M002', 2),
('B073', 'M002', 2),
('B074', 'M002', 2),
('B075', 'M002', 2),
('B076', 'M002', 2),
('B077', 'M002', 2),
('B078', 'M002', 2),
('B079', 'M002', 2),
('B080', 'M002', 2),
('B081', 'M002', 3),
('B082', 'M002', 3),
('B083', 'M002', 5),
('B084', 'M002', 2),
('B085', 'M002', 4),
('B086', 'M002', 4),
('B087', 'M002', 5),
('B001', 'M003', 2),
('B002', 'M003', 2),
('B003', 'M003', 2),
('B004', 'M003', 2),
('B005', 'M003', 5),
('B006', 'M003', 2),
('B007', 'M003', 2),
('B008', 'M003', 5),
('B009', 'M003', 2),
('B010', 'M003', 2),
('B011', 'M003', 5),
('B012', 'M003', 5),
('B013', 'M003', 4),
('B014', 'M003', 4),
('B015', 'M003', 4),
('B016', 'M003', 4),
('B017', 'M003', 4),
('B018', 'M003', 4),
('B019', 'M003', 3),
('B020', 'M003', 0),
('B021', 'M003', 2),
('B022', 'M003', 2),
('B023', 'M003', 2),
('B024', 'M003', 2),
('B025', 'M003', 2),
('B026', 'M003', 2),
('B027', 'M003', 2),
('B028', 'M003', 2),
('B029', 'M003', 2),
('B030', 'M003', 2),
('B031', 'M003', 2),
('B032', 'M003', 2),
('B033', 'M003', 2),
('B034', 'M003', 2),
('B035', 'M003', 2),
('B036', 'M003', 2),
('B037', 'M003', 2),
('B038', 'M003', 2),
('B039', 'M003', 2),
('B040', 'M003', 2),
('B041', 'M003', 2),
('B042', 'M003', 2),
('B043', 'M003', 2),
('B044', 'M003', 2),
('B045', 'M003', 2),
('B046', 'M003', 2),
('B047', 'M003', 2),
('B048', 'M003', 2),
('B049', 'M003', 2),
('B050', 'M003', 2),
('B051', 'M003', 2),
('B052', 'M003', 2),
('B053', 'M003', 2),
('B054', 'M003', 2),
('B055', 'M003', 2),
('B056', 'M003', 2),
('B057', 'M003', 2),
('B058', 'M003', 2),
('B059', 'M003', 2),
('B060', 'M003', 2),
('B061', 'M003', 2),
('B062', 'M003', 2),
('B063', 'M003', 2),
('B064', 'M003', 2),
('B065', 'M003', 2),
('B066', 'M003', 2),
('B067', 'M003', 2),
('B068', 'M003', 2),
('B069', 'M003', 2),
('B070', 'M003', 2),
('B071', 'M003', 2),
('B072', 'M003', 2),
('B073', 'M003', 2),
('B074', 'M003', 2),
('B075', 'M003', 2),
('B076', 'M003', 2),
('B077', 'M003', 2),
('B078', 'M003', 2),
('B079', 'M003', 2),
('B080', 'M003', 2),
('B081', 'M003', 2),
('B082', 'M003', 2),
('B083', 'M003', 2),
('B084', 'M003', 2),
('B085', 'M003', 2),
('B086', 'M003', 0),
('B087', 'M003', 2),
('B001', 'M004', 2),
('B002', 'M004', 2),
('B003', 'M004', 2),
('B004', 'M004', 2),
('B005', 'M004', 5),
('B006', 'M004', 2),
('B007', 'M004', 2),
('B008', 'M004', 5),
('B009', 'M004', 2),
('B010', 'M004', 2),
('B011', 'M004', 5),
('B012', 'M004', 5),
('B013', 'M004', 4),
('B014', 'M004', 4),
('B015', 'M004', 4),
('B016', 'M004', 4),
('B017', 'M004', 4),
('B018', 'M004', 4),
('B019', 'M004', 3),
('B020', 'M004', 0),
('B021', 'M004', 2),
('B022', 'M004', 2),
('B023', 'M004', 2),
('B024', 'M004', 2),
('B025', 'M004', 2),
('B026', 'M004', 2),
('B027', 'M004', 2),
('B028', 'M004', 2),
('B029', 'M004', 2),
('B030', 'M004', 2),
('B031', 'M004', 2),
('B032', 'M004', 2),
('B033', 'M004', 2),
('B034', 'M004', 2),
('B035', 'M004', 2),
('B036', 'M004', 2),
('B037', 'M004', 2),
('B038', 'M004', 2),
('B039', 'M004', 2),
('B040', 'M004', 2),
('B041', 'M004', 2),
('B042', 'M004', 2),
('B043', 'M004', 2),
('B044', 'M004', 2),
('B045', 'M004', 2),
('B046', 'M004', 2),
('B047', 'M004', 2),
('B048', 'M004', 2),
('B049', 'M004', 2),
('B050', 'M004', 2),
('B051', 'M004', 2),
('B052', 'M004', 2),
('B053', 'M004', 2),
('B054', 'M004', 2),
('B055', 'M004', 2),
('B056', 'M004', 2),
('B057', 'M004', 2),
('B058', 'M004', 2),
('B059', 'M004', 2),
('B060', 'M004', 2),
('B061', 'M004', 2),
('B062', 'M004', 2),
('B063', 'M004', 2),
('B064', 'M004', 2),
('B065', 'M004', 2),
('B066', 'M004', 2),
('B067', 'M004', 2),
('B068', 'M004', 2),
('B069', 'M004', 2),
('B070', 'M004', 2),
('B071', 'M004', 2),
('B072', 'M004', 2),
('B073', 'M004', 2),
('B074', 'M004', 2),
('B075', 'M004', 2),
('B076', 'M004', 2),
('B077', 'M004', 2),
('B078', 'M004', 2),
('B079', 'M004', 2),
('B080', 'M004', 2),
('B081', 'M004', 2),
('B082', 'M004', 2),
('B083', 'M004', 2),
('B084', 'M004', 2),
('B085', 'M004', 2),
('B086', 'M004', 0),
('B087', 'M004', 2),
('B001', 'M005', 2),
('B002', 'M005', 2),
('B003', 'M005', 2),
('B004', 'M005', 2),
('B005', 'M005', 5),
('B006', 'M005', 2),
('B007', 'M005', 2),
('B008', 'M005', 5),
('B009', 'M005', 2),
('B010', 'M005', 2),
('B011', 'M005', 5),
('B012', 'M005', 5),
('B013', 'M005', 4),
('B014', 'M005', 4),
('B015', 'M005', 4),
('B016', 'M005', 4),
('B017', 'M005', 4),
('B018', 'M005', 4),
('B019', 'M005', 3),
('B020', 'M005', 0),
('B021', 'M005', 2),
('B022', 'M005', 2),
('B023', 'M005', 2),
('B024', 'M005', 2),
('B025', 'M005', 2),
('B026', 'M005', 2),
('B027', 'M005', 2),
('B028', 'M005', 2),
('B029', 'M005', 2),
('B030', 'M005', 2),
('B031', 'M005', 2),
('B032', 'M005', 2),
('B033', 'M005', 2),
('B034', 'M005', 2),
('B035', 'M005', 2),
('B036', 'M005', 2),
('B037', 'M005', 2),
('B038', 'M005', 2),
('B039', 'M005', 2),
('B040', 'M005', 2),
('B041', 'M005', 2),
('B042', 'M005', 2),
('B043', 'M005', 2),
('B044', 'M005', 2),
('B045', 'M005', 2),
('B046', 'M005', 2),
('B047', 'M005', 2),
('B048', 'M005', 2),
('B049', 'M005', 2),
('B050', 'M005', 2),
('B051', 'M005', 2),
('B052', 'M005', 2),
('B053', 'M005', 2),
('B054', 'M005', 2),
('B055', 'M005', 2),
('B056', 'M005', 2),
('B057', 'M005', 2),
('B058', 'M005', 2),
('B059', 'M005', 2),
('B060', 'M005', 2),
('B061', 'M005', 2),
('B062', 'M005', 2),
('B063', 'M005', 2),
('B064', 'M005', 2),
('B065', 'M005', 2),
('B066', 'M005', 2),
('B067', 'M005', 2),
('B068', 'M005', 2),
('B069', 'M005', 2),
('B070', 'M005', 2),
('B071', 'M005', 2),
('B072', 'M005', 2),
('B073', 'M005', 2),
('B074', 'M005', 2),
('B075', 'M005', 2),
('B076', 'M005', 2),
('B077', 'M005', 2),
('B078', 'M005', 2),
('B079', 'M005', 2),
('B080', 'M005', 2),
('B081', 'M005', 2),
('B082', 'M005', 2),
('B083', 'M005', 2),
('B084', 'M005', 2),
('B085', 'M005', 2),
('B086', 'M005', 0),
('B087', 'M005', 2),
('B001', 'M006', 2),
('B002', 'M006', 2),
('B003', 'M006', 2),
('B004', 'M006', 2),
('B005', 'M006', 5),
('B006', 'M006', 2),
('B007', 'M006', 2),
('B008', 'M006', 5),
('B009', 'M006', 2),
('B010', 'M006', 2),
('B011', 'M006', 5),
('B012', 'M006', 5),
('B013', 'M006', 4),
('B014', 'M006', 4),
('B015', 'M006', 4),
('B016', 'M006', 4),
('B017', 'M006', 4),
('B018', 'M006', 4),
('B019', 'M006', 3),
('B020', 'M006', 2),
('B021', 'M006', 2),
('B022', 'M006', 2),
('B023', 'M006', 2),
('B024', 'M006', 2),
('B025', 'M006', 2),
('B026', 'M006', 2),
('B027', 'M006', 2),
('B028', 'M006', 2),
('B029', 'M006', 2),
('B030', 'M006', 2),
('B031', 'M006', 2),
('B032', 'M006', 2),
('B033', 'M006', 2),
('B034', 'M006', 2),
('B035', 'M006', 2),
('B036', 'M006', 2),
('B037', 'M006', 2),
('B038', 'M006', 2),
('B039', 'M006', 2),
('B040', 'M006', 2),
('B041', 'M006', 2),
('B042', 'M006', 2),
('B043', 'M006', 2),
('B044', 'M006', 2),
('B045', 'M006', 2),
('B046', 'M006', 2),
('B047', 'M006', 2),
('B048', 'M006', 2),
('B049', 'M006', 2),
('B050', 'M006', 2),
('B051', 'M006', 2),
('B052', 'M006', 2),
('B053', 'M006', 2),
('B054', 'M006', 2),
('B055', 'M006', 2),
('B056', 'M006', 2),
('B057', 'M006', 2),
('B058', 'M006', 2),
('B059', 'M006', 2),
('B060', 'M006', 2),
('B061', 'M006', 2),
('B062', 'M006', 2),
('B063', 'M006', 2),
('B064', 'M006', 2),
('B065', 'M006', 2),
('B066', 'M006', 2),
('B067', 'M006', 2),
('B068', 'M006', 2),
('B069', 'M006', 2),
('B070', 'M006', 2),
('B071', 'M006', 2),
('B072', 'M006', 2),
('B073', 'M006', 2),
('B074', 'M006', 2),
('B075', 'M006', 2),
('B076', 'M006', 2),
('B077', 'M006', 2),
('B078', 'M006', 2),
('B079', 'M006', 2),
('B080', 'M006', 2),
('B081', 'M006', 2),
('B082', 'M006', 2),
('B083', 'M006', 2),
('B084', 'M006', 2),
('B085', 'M006', 2),
('B086', 'M006', 0),
('B087', 'M006', 2),
('B001', 'M007', 2),
('B002', 'M007', 2),
('B003', 'M007', 2),
('B004', 'M007', 2),
('B005', 'M007', 5),
('B006', 'M007', 2),
('B007', 'M007', 2),
('B008', 'M007', 5),
('B009', 'M007', 2),
('B010', 'M007', 2),
('B011', 'M007', 5),
('B012', 'M007', 5),
('B013', 'M007', 4),
('B014', 'M007', 4),
('B015', 'M007', 4),
('B016', 'M007', 4),
('B017', 'M007', 4),
('B018', 'M007', 4),
('B019', 'M007', 3),
('B020', 'M007', 0),
('B021', 'M007', 2),
('B022', 'M007', 2),
('B023', 'M007', 2),
('B024', 'M007', 2),
('B025', 'M007', 2),
('B026', 'M007', 2),
('B027', 'M007', 2),
('B028', 'M007', 2),
('B029', 'M007', 2),
('B030', 'M007', 2),
('B031', 'M007', 2),
('B032', 'M007', 2),
('B033', 'M007', 2),
('B034', 'M007', 2),
('B035', 'M007', 2),
('B036', 'M007', 2),
('B037', 'M007', 2),
('B038', 'M007', 2),
('B039', 'M007', 2),
('B040', 'M007', 2),
('B041', 'M007', 2),
('B042', 'M007', 2),
('B043', 'M007', 2),
('B044', 'M007', 2),
('B045', 'M007', 2),
('B046', 'M007', 2),
('B047', 'M007', 2),
('B048', 'M007', 2),
('B049', 'M007', 2),
('B050', 'M007', 2),
('B051', 'M007', 2),
('B052', 'M007', 2),
('B053', 'M007', 2),
('B054', 'M007', 2),
('B055', 'M007', 2),
('B056', 'M007', 2),
('B057', 'M007', 2),
('B058', 'M007', 2),
('B059', 'M007', 2),
('B060', 'M007', 2),
('B061', 'M007', 2),
('B062', 'M007', 2),
('B063', 'M007', 2),
('B064', 'M007', 2),
('B065', 'M007', 2),
('B066', 'M007', 2),
('B067', 'M007', 2),
('B068', 'M007', 2),
('B069', 'M007', 2),
('B070', 'M007', 2),
('B071', 'M007', 2),
('B072', 'M007', 2),
('B073', 'M007', 2),
('B074', 'M007', 2),
('B075', 'M007', 2),
('B076', 'M007', 2),
('B077', 'M007', 2),
('B078', 'M007', 2),
('B079', 'M007', 2),
('B080', 'M007', 2),
('B081', 'M007', 2),
('B082', 'M007', 2),
('B083', 'M007', 2),
('B084', 'M007', 2),
('B085', 'M007', 2),
('B086', 'M007', 0),
('B087', 'M007', 2),
('B001', 'M008', 5),
('B002', 'M008', 3),
('B003', 'M008', 3),
('B004', 'M008', 3),
('B005', 'M008', 3),
('B006', 'M008', 2),
('B007', 'M008', 2),
('B008', 'M008', 3),
('B009', 'M008', 2),
('B010', 'M008', 2),
('B011', 'M008', 3),
('B012', 'M008', 3),
('B013', 'M008', 3),
('B014', 'M008', 4),
('B015', 'M008', 4),
('B016', 'M008', 4),
('B017', 'M008', 4),
('B018', 'M008', 4),
('B019', 'M008', 3),
('B020', 'M008', 4),
('B021', 'M008', 4),
('B022', 'M008', 2),
('B023', 'M008', 5),
('B024', 'M008', 2),
('B025', 'M008', 2),
('B026', 'M008', 2),
('B027', 'M008', 2),
('B028', 'M008', 2),
('B029', 'M008', 2),
('B030', 'M008', 2),
('B031', 'M008', 3),
('B032', 'M008', 2),
('B033', 'M008', 2),
('B034', 'M008', 2),
('B035', 'M008', 2),
('B036', 'M008', 2),
('B037', 'M008', 2),
('B038', 'M008', 2),
('B039', 'M008', 4),
('B040', 'M008', 2),
('B041', 'M008', 2),
('B042', 'M008', 3),
('B043', 'M008', 2),
('B044', 'M008', 2),
('B045', 'M008', 2),
('B046', 'M008', 2),
('B047', 'M008', 2),
('B048', 'M008', 5),
('B049', 'M008', 2),
('B050', 'M008', 3),
('B051', 'M008', 2),
('B052', 'M008', 2),
('B053', 'M008', 3),
('B054', 'M008', 2),
('B055', 'M008', 2),
('B056', 'M008', 3),
('B057', 'M008', 4),
('B058', 'M008', 2),
('B059', 'M008', 2),
('B060', 'M008', 4),
('B061', 'M008', 2),
('B062', 'M008', 2),
('B063', 'M008', 5),
('B064', 'M008', 5),
('B065', 'M008', 2),
('B066', 'M008', 2),
('B067', 'M008', 2),
('B068', 'M008', 2),
('B069', 'M008', 2),
('B070', 'M008', 2),
('B071', 'M008', 2),
('B072', 'M008', 2),
('B073', 'M008', 2),
('B074', 'M008', 2),
('B075', 'M008', 4),
('B076', 'M008', 2),
('B077', 'M008', 2),
('B078', 'M008', 2),
('B079', 'M008', 2),
('B080', 'M008', 2),
('B081', 'M008', 3),
('B082', 'M008', 3),
('B083', 'M008', 5),
('B084', 'M008', 2),
('B085', 'M008', 4),
('B086', 'M008', 4),
('B087', 'M008', 5),
('B001', 'M009', 5),
('B002', 'M009', 3),
('B003', 'M009', 3),
('B004', 'M009', 3),
('B005', 'M009', 3),
('B006', 'M009', 2),
('B007', 'M009', 2),
('B008', 'M009', 3),
('B009', 'M009', 2),
('B010', 'M009', 2),
('B011', 'M009', 3),
('B012', 'M009', 3),
('B013', 'M009', 3),
('B014', 'M009', 4),
('B015', 'M009', 4),
('B016', 'M009', 4),
('B017', 'M009', 4),
('B018', 'M009', 4),
('B019', 'M009', 3),
('B020', 'M009', 4),
('B021', 'M009', 4),
('B022', 'M009', 2),
('B023', 'M009', 4),
('B024', 'M009', 2),
('B025', 'M009', 2),
('B026', 'M009', 2),
('B027', 'M009', 2),
('B028', 'M009', 2),
('B029', 'M009', 2),
('B030', 'M009', 2),
('B031', 'M009', 3),
('B032', 'M009', 2),
('B033', 'M009', 2),
('B034', 'M009', 2),
('B035', 'M009', 2),
('B036', 'M009', 2),
('B037', 'M009', 2),
('B038', 'M009', 2),
('B039', 'M009', 4),
('B040', 'M009', 2),
('B041', 'M009', 2),
('B042', 'M009', 3),
('B043', 'M009', 2),
('B044', 'M009', 2),
('B045', 'M009', 2),
('B046', 'M009', 2),
('B047', 'M009', 2),
('B048', 'M009', 5),
('B049', 'M009', 2),
('B050', 'M009', 3),
('B051', 'M009', 2),
('B052', 'M009', 2),
('B053', 'M009', 3),
('B054', 'M009', 2),
('B055', 'M009', 2),
('B056', 'M009', 3),
('B057', 'M009', 4),
('B058', 'M009', 2),
('B059', 'M009', 2),
('B060', 'M009', 4),
('B061', 'M009', 2),
('B062', 'M009', 2),
('B063', 'M009', 5),
('B064', 'M009', 5),
('B065', 'M009', 2),
('B066', 'M009', 2),
('B067', 'M009', 2),
('B068', 'M009', 2),
('B069', 'M009', 2),
('B070', 'M009', 2),
('B071', 'M009', 2),
('B072', 'M009', 2),
('B073', 'M009', 2),
('B074', 'M009', 2),
('B075', 'M009', 4),
('B076', 'M009', 2),
('B077', 'M009', 2),
('B078', 'M009', 2),
('B079', 'M009', 2),
('B080', 'M009', 2),
('B081', 'M009', 3),
('B082', 'M009', 3),
('B083', 'M009', 5),
('B084', 'M009', 2),
('B085', 'M009', 4),
('B086', 'M009', 4),
('B087', 'M009', 5),
('B001', 'M010', 4),
('B002', 'M010', 3),
('B003', 'M010', 3),
('B004', 'M010', 3),
('B005', 'M010', 4),
('B006', 'M010', 2),
('B007', 'M010', 2),
('B008', 'M010', 4),
('B009', 'M010', 2),
('B010', 'M010', 2),
('B011', 'M010', 4),
('B012', 'M010', 4),
('B013', 'M010', 5),
('B014', 'M010', 4),
('B015', 'M010', 4),
('B016', 'M010', 4),
('B017', 'M010', 4),
('B018', 'M010', 4),
('B019', 'M010', 3),
('B020', 'M010', 4),
('B021', 'M010', 4),
('B022', 'M010', 2),
('B023', 'M010', 4),
('B024', 'M010', 3),
('B025', 'M010', 3),
('B026', 'M010', 4),
('B027', 'M010', 2),
('B028', 'M010', 2),
('B029', 'M010', 2),
('B030', 'M010', 2),
('B031', 'M010', 4),
('B032', 'M010', 2),
('B033', 'M010', 2),
('B034', 'M010', 2),
('B035', 'M010', 2),
('B036', 'M010', 4),
('B037', 'M010', 4),
('B038', 'M010', 2),
('B039', 'M010', 4),
('B040', 'M010', 4),
('B041', 'M010', 2),
('B042', 'M010', 4),
('B043', 'M010', 2),
('B044', 'M010', 4),
('B045', 'M010', 3),
('B046', 'M010', 2),
('B047', 'M010', 2),
('B048', 'M010', 4),
('B049', 'M010', 2),
('B050', 'M010', 5),
('B051', 'M010', 2),
('B052', 'M010', 2),
('B053', 'M010', 4),
('B054', 'M010', 2),
('B055', 'M010', 2),
('B056', 'M010', 5),
('B057', 'M010', 4),
('B058', 'M010', 2),
('B059', 'M010', 2),
('B060', 'M010', 4),
('B061', 'M010', 5),
('B062', 'M010', 2),
('B063', 'M010', 2),
('B064', 'M010', 5),
('B065', 'M010', 2),
('B066', 'M010', 2),
('B067', 'M010', 2),
('B068', 'M010', 2),
('B069', 'M010', 2),
('B070', 'M010', 2),
('B071', 'M010', 2),
('B072', 'M010', 2),
('B073', 'M010', 2),
('B074', 'M010', 2),
('B075', 'M010', 2),
('B076', 'M010', 2),
('B077', 'M010', 2),
('B078', 'M010', 2),
('B079', 'M010', 2),
('B080', 'M010', 5),
('B081', 'M010', 4),
('B082', 'M010', 4),
('B083', 'M010', 4),
('B084', 'M010', 2),
('B085', 'M010', 4),
('B086', 'M010', 4),
('B087', 'M010', 4),
('B001', 'M011', 4),
('B002', 'M011', 3),
('B003', 'M011', 3),
('B004', 'M011', 3),
('B005', 'M011', 4),
('B006', 'M011', 2),
('B007', 'M011', 2),
('B008', 'M011', 4),
('B009', 'M011', 2),
('B010', 'M011', 2),
('B011', 'M011', 4),
('B012', 'M011', 4),
('B013', 'M011', 4),
('B014', 'M011', 4),
('B015', 'M011', 4),
('B016', 'M011', 4),
('B017', 'M011', 4),
('B018', 'M011', 4),
('B019', 'M011', 3),
('B020', 'M011', 4),
('B021', 'M011', 4),
('B022', 'M011', 2),
('B023', 'M011', 4),
('B024', 'M011', 0),
('B025', 'M011', 3),
('B026', 'M011', 2),
('B027', 'M011', 2),
('B028', 'M011', 2),
('B029', 'M011', 2),
('B030', 'M011', 2),
('B031', 'M011', 4),
('B032', 'M011', 2),
('B033', 'M011', 2),
('B034', 'M011', 2),
('B035', 'M011', 2),
('B036', 'M011', 4),
('B037', 'M011', 4),
('B038', 'M011', 2),
('B039', 'M011', 4),
('B040', 'M011', 4),
('B041', 'M011', 2),
('B042', 'M011', 4),
('B043', 'M011', 2),
('B044', 'M011', 4),
('B045', 'M011', 3),
('B046', 'M011', 2),
('B047', 'M011', 2),
('B048', 'M011', 4),
('B049', 'M011', 2),
('B050', 'M011', 4),
('B051', 'M011', 2),
('B052', 'M011', 2),
('B053', 'M011', 4),
('B054', 'M011', 2),
('B055', 'M011', 2),
('B056', 'M011', 5),
('B057', 'M011', 4),
('B058', 'M011', 2),
('B059', 'M011', 2),
('B060', 'M011', 4),
('B061', 'M011', 4),
('B062', 'M011', 2),
('B063', 'M011', 2),
('B064', 'M011', 5),
('B065', 'M011', 2),
('B066', 'M011', 2),
('B067', 'M011', 2),
('B068', 'M011', 2),
('B069', 'M011', 2),
('B070', 'M011', 2),
('B071', 'M011', 3),
('B072', 'M011', 2),
('B073', 'M011', 2),
('B074', 'M011', 2),
('B075', 'M011', 2),
('B076', 'M011', 2),
('B077', 'M011', 2),
('B078', 'M011', 2),
('B079', 'M011', 2),
('B080', 'M011', 4),
('B081', 'M011', 4),
('B082', 'M011', 4),
('B083', 'M011', 4),
('B084', 'M011', 2),
('B085', 'M011', 4),
('B086', 'M011', 4),
('B087', 'M011', 4),
('B001', 'M012', 4),
('B002', 'M012', 3),
('B003', 'M012', 3),
('B004', 'M012', 3),
('B005', 'M012', 4),
('B006', 'M012', 2),
('B007', 'M012', 2),
('B008', 'M012', 4),
('B009', 'M012', 2),
('B010', 'M012', 2),
('B011', 'M012', 4),
('B012', 'M012', 4),
('B013', 'M012', 4),
('B014', 'M012', 4),
('B015', 'M012', 4),
('B016', 'M012', 4),
('B017', 'M012', 4),
('B018', 'M012', 4),
('B019', 'M012', 3),
('B020', 'M012', 4),
('B021', 'M012', 4),
('B022', 'M012', 2),
('B023', 'M012', 4),
('B024', 'M012', 0),
('B025', 'M012', 4),
('B026', 'M012', 2),
('B027', 'M012', 5),
('B028', 'M012', 5),
('B029', 'M012', 4),
('B030', 'M012', 4),
('B031', 'M012', 4),
('B032', 'M012', 3),
('B033', 'M012', 2),
('B034', 'M012', 2),
('B035', 'M012', 2),
('B036', 'M012', 4),
('B037', 'M012', 4),
('B038', 'M012', 4),
('B039', 'M012', 4),
('B040', 'M012', 4),
('B041', 'M012', 4),
('B042', 'M012', 4),
('B043', 'M012', 4),
('B044', 'M012', 4),
('B045', 'M012', 4),
('B046', 'M012', 2),
('B047', 'M012', 2),
('B048', 'M012', 2),
('B049', 'M012', 2),
('B050', 'M012', 5),
('B051', 'M012', 2),
('B052', 'M012', 2),
('B053', 'M012', 4),
('B054', 'M012', 2),
('B055', 'M012', 2),
('B056', 'M012', 4),
('B057', 'M012', 4),
('B058', 'M012', 2),
('B059', 'M012', 2),
('B060', 'M012', 4),
('B061', 'M012', 4),
('B062', 'M012', 2),
('B063', 'M012', 4),
('B064', 'M012', 4),
('B065', 'M012', 2),
('B066', 'M012', 2),
('B067', 'M012', 2),
('B068', 'M012', 2),
('B069', 'M012', 2),
('B070', 'M012', 2),
('B071', 'M012', 3),
('B072', 'M012', 2),
('B073', 'M012', 4),
('B074', 'M012', 3),
('B075', 'M012', 2),
('B076', 'M012', 2),
('B077', 'M012', 2),
('B078', 'M012', 2),
('B079', 'M012', 2),
('B080', 'M012', 5),
('B081', 'M012', 4),
('B082', 'M012', 4),
('B083', 'M012', 4),
('B084', 'M012', 2),
('B085', 'M012', 4),
('B086', 'M012', 4),
('B087', 'M012', 4),
('B001', 'M013', 3),
('B002', 'M013', 2),
('B003', 'M013', 2),
('B004', 'M013', 2),
('B005', 'M013', 4),
('B006', 'M013', 2),
('B007', 'M013', 2),
('B008', 'M013', 4),
('B009', 'M013', 2),
('B010', 'M013', 2),
('B011', 'M013', 4),
('B012', 'M013', 4),
('B013', 'M013', 4),
('B014', 'M013', 4),
('B015', 'M013', 4),
('B016', 'M013', 4),
('B017', 'M013', 4),
('B018', 'M013', 4),
('B019', 'M013', 4),
('B020', 'M013', 4),
('B021', 'M013', 0),
('B022', 'M013', 2),
('B023', 'M013', 0),
('B024', 'M013', 0),
('B025', 'M013', 4),
('B026', 'M013', 4),
('B027', 'M013', 4),
('B028', 'M013', 4),
('B029', 'M013', 4),
('B030', 'M013', 4),
('B031', 'M013', 4),
('B032', 'M013', 4),
('B033', 'M013', 2),
('B034', 'M013', 2),
('B035', 'M013', 2),
('B036', 'M013', 4),
('B037', 'M013', 4),
('B038', 'M013', 4),
('B039', 'M013', 4),
('B040', 'M013', 4),
('B041', 'M013', 5),
('B042', 'M013', 4),
('B043', 'M013', 4),
('B044', 'M013', 4),
('B045', 'M013', 4),
('B046', 'M013', 2),
('B047', 'M013', 2),
('B048', 'M013', 2),
('B049', 'M013', 2),
('B050', 'M013', 4),
('B051', 'M013', 2),
('B052', 'M013', 2),
('B053', 'M013', 4),
('B054', 'M013', 2),
('B055', 'M013', 0),
('B056', 'M013', 4),
('B057', 'M013', 4),
('B058', 'M013', 2),
('B059', 'M013', 2),
('B060', 'M013', 4),
('B061', 'M013', 4),
('B062', 'M013', 4),
('B063', 'M013', 4),
('B064', 'M013', 4),
('B065', 'M013', 2),
('B066', 'M013', 2),
('B067', 'M013', 2),
('B068', 'M013', 0),
('B069', 'M013', 0),
('B070', 'M013', 2),
('B071', 'M013', 4),
('B072', 'M013', 3),
('B073', 'M013', 4),
('B074', 'M013', 2),
('B075', 'M013', 2),
('B076', 'M013', 2),
('B077', 'M013', 2),
('B078', 'M013', 2),
('B079', 'M013', 2),
('B080', 'M013', 4),
('B081', 'M013', 4),
('B082', 'M013', 4),
('B083', 'M013', 4),
('B084', 'M013', 2),
('B085', 'M013', 4),
('B086', 'M013', 4),
('B087', 'M013', 4),
('B001', 'M014', 3),
('B002', 'M014', 2),
('B003', 'M014', 2),
('B004', 'M014', 2),
('B005', 'M014', 4),
('B006', 'M014', 2),
('B007', 'M014', 2),
('B008', 'M014', 4),
('B009', 'M014', 2),
('B010', 'M014', 2),
('B011', 'M014', 4),
('B012', 'M014', 4),
('B013', 'M014', 4),
('B014', 'M014', 4),
('B015', 'M014', 4),
('B016', 'M014', 4),
('B017', 'M014', 4),
('B018', 'M014', 4),
('B019', 'M014', 4),
('B020', 'M014', 4),
('B021', 'M014', 0),
('B022', 'M014', 2),
('B023', 'M014', 0),
('B024', 'M014', 2),
('B025', 'M014', 4),
('B026', 'M014', 4),
('B027', 'M014', 4),
('B028', 'M014', 4),
('B029', 'M014', 4),
('B030', 'M014', 4),
('B031', 'M014', 4),
('B032', 'M014', 4),
('B033', 'M014', 2),
('B034', 'M014', 2),
('B035', 'M014', 2),
('B036', 'M014', 4),
('B037', 'M014', 4),
('B038', 'M014', 4),
('B039', 'M014', 4),
('B040', 'M014', 4),
('B041', 'M014', 5),
('B042', 'M014', 4),
('B043', 'M014', 4),
('B044', 'M014', 4),
('B045', 'M014', 0),
('B046', 'M014', 2),
('B047', 'M014', 2),
('B048', 'M014', 2),
('B049', 'M014', 2),
('B050', 'M014', 0),
('B051', 'M014', 2),
('B052', 'M014', 2),
('B053', 'M014', 4),
('B054', 'M014', 2),
('B055', 'M014', 0),
('B056', 'M014', 4),
('B057', 'M014', 4),
('B058', 'M014', 2),
('B059', 'M014', 2),
('B060', 'M014', 4),
('B061', 'M014', 4),
('B062', 'M014', 4),
('B063', 'M014', 4),
('B064', 'M014', 4),
('B065', 'M014', 2),
('B066', 'M014', 2),
('B067', 'M014', 2),
('B068', 'M014', 0),
('B069', 'M014', 0),
('B070', 'M014', 2),
('B071', 'M014', 2),
('B072', 'M014', 2),
('B073', 'M014', 2),
('B074', 'M014', 2),
('B075', 'M014', 2),
('B076', 'M014', 2),
('B077', 'M014', 2),
('B078', 'M014', 2),
('B079', 'M014', 2),
('B080', 'M014', 5),
('B081', 'M014', 4),
('B082', 'M014', 4),
('B083', 'M014', 4),
('B084', 'M014', 2),
('B085', 'M014', 4),
('B086', 'M014', 4),
('B087', 'M014', 4),
('B001', 'M015', 3),
('B002', 'M015', 2),
('B003', 'M015', 2),
('B004', 'M015', 2),
('B005', 'M015', 4),
('B006', 'M015', 2),
('B007', 'M015', 2),
('B008', 'M015', 4),
('B009', 'M015', 2),
('B010', 'M015', 2),
('B011', 'M015', 4),
('B012', 'M015', 4),
('B013', 'M015', 4),
('B014', 'M015', 4),
('B015', 'M015', 4),
('B016', 'M015', 4),
('B017', 'M015', 4),
('B018', 'M015', 4),
('B019', 'M015', 4),
('B020', 'M015', 4),
('B021', 'M015', 0),
('B022', 'M015', 2),
('B023', 'M015', 0),
('B024', 'M015', 5),
('B025', 'M015', 4),
('B026', 'M015', 4),
('B027', 'M015', 4),
('B028', 'M015', 4),
('B029', 'M015', 4),
('B030', 'M015', 4),
('B031', 'M015', 4),
('B032', 'M015', 5),
('B033', 'M015', 2),
('B034', 'M015', 2),
('B035', 'M015', 2),
('B036', 'M015', 4),
('B037', 'M015', 4),
('B038', 'M015', 3),
('B039', 'M015', 3),
('B040', 'M015', 3),
('B041', 'M015', 3),
('B042', 'M015', 4),
('B043', 'M015', 4),
('B044', 'M015', 4),
('B045', 'M015', 4),
('B046', 'M015', 2),
('B047', 'M015', 2),
('B048', 'M015', 2),
('B049', 'M015', 2),
('B050', 'M015', 5),
('B051', 'M015', 2),
('B052', 'M015', 2),
('B053', 'M015', 4),
('B054', 'M015', 2),
('B055', 'M015', 0),
('B056', 'M015', 4),
('B057', 'M015', 4),
('B058', 'M015', 2),
('B059', 'M015', 2),
('B060', 'M015', 4),
('B061', 'M015', 4),
('B062', 'M015', 4),
('B063', 'M015', 4),
('B064', 'M015', 4),
('B065', 'M015', 2),
('B066', 'M015', 2),
('B067', 'M015', 2),
('B068', 'M015', 0),
('B069', 'M015', 0),
('B070', 'M015', 2),
('B071', 'M015', 5),
('B072', 'M015', 2),
('B073', 'M015', 4),
('B074', 'M015', 2),
('B075', 'M015', 2),
('B076', 'M015', 2),
('B077', 'M015', 2),
('B078', 'M015', 2),
('B079', 'M015', 2),
('B080', 'M015', 5),
('B081', 'M015', 4),
('B082', 'M015', 4),
('B083', 'M015', 4),
('B084', 'M015', 2),
('B085', 'M015', 4),
('B086', 'M015', 4),
('B087', 'M015', 4),
('B001', 'M016', 3),
('B002', 'M016', 2),
('B003', 'M016', 2),
('B004', 'M016', 2),
('B005', 'M016', 4),
('B006', 'M016', 2),
('B007', 'M016', 2),
('B008', 'M016', 4),
('B009', 'M016', 2),
('B010', 'M016', 2),
('B011', 'M016', 4),
('B012', 'M016', 4),
('B013', 'M016', 4),
('B014', 'M016', 4),
('B015', 'M016', 4),
('B016', 'M016', 4),
('B017', 'M016', 4),
('B018', 'M016', 4),
('B019', 'M016', 4),
('B020', 'M016', 4),
('B021', 'M016', 0),
('B022', 'M016', 2),
('B023', 'M016', 3),
('B024', 'M016', 4),
('B025', 'M016', 4),
('B026', 'M016', 4),
('B027', 'M016', 5),
('B028', 'M016', 5),
('B029', 'M016', 4),
('B030', 'M016', 4),
('B031', 'M016', 4),
('B032', 'M016', 5),
('B033', 'M016', 2),
('B034', 'M016', 2),
('B035', 'M016', 2),
('B036', 'M016', 4),
('B037', 'M016', 4),
('B038', 'M016', 4),
('B039', 'M016', 4),
('B040', 'M016', 4),
('B041', 'M016', 5),
('B042', 'M016', 4),
('B043', 'M016', 4),
('B044', 'M016', 4),
('B045', 'M016', 4),
('B046', 'M016', 2),
('B047', 'M016', 2),
('B048', 'M016', 2),
('B049', 'M016', 2),
('B050', 'M016', 5),
('B051', 'M016', 2),
('B052', 'M016', 2),
('B053', 'M016', 4),
('B054', 'M016', 2),
('B055', 'M016', 0),
('B056', 'M016', 4),
('B057', 'M016', 4),
('B058', 'M016', 2),
('B059', 'M016', 2),
('B060', 'M016', 4),
('B061', 'M016', 4),
('B062', 'M016', 4),
('B063', 'M016', 4),
('B064', 'M016', 4),
('B065', 'M016', 2),
('B066', 'M016', 2),
('B067', 'M016', 2),
('B068', 'M016', 0),
('B069', 'M016', 0),
('B070', 'M016', 2),
('B071', 'M016', 3),
('B072', 'M016', 3),
('B073', 'M016', 4),
('B074', 'M016', 2),
('B075', 'M016', 2),
('B076', 'M016', 2),
('B077', 'M016', 2),
('B078', 'M016', 2),
('B079', 'M016', 2),
('B080', 'M016', 5),
('B081', 'M016', 4),
('B082', 'M016', 4),
('B083', 'M016', 4),
('B084', 'M016', 2),
('B085', 'M016', 4),
('B086', 'M016', 4),
('B087', 'M016', 4),
('B001', 'M017', 3),
('B002', 'M017', 2),
('B003', 'M017', 2),
('B004', 'M017', 2),
('B005', 'M017', 4),
('B006', 'M017', 2),
('B007', 'M017', 2),
('B008', 'M017', 4),
('B009', 'M017', 2),
('B010', 'M017', 2),
('B011', 'M017', 4),
('B012', 'M017', 4),
('B013', 'M017', 4),
('B014', 'M017', 4),
('B015', 'M017', 4),
('B016', 'M017', 4),
('B017', 'M017', 4),
('B018', 'M017', 4),
('B019', 'M017', 4),
('B020', 'M017', 4),
('B021', 'M017', 0),
('B022', 'M017', 2),
('B023', 'M017', 3),
('B024', 'M017', 4),
('B025', 'M017', 4),
('B026', 'M017', 4),
('B027', 'M017', 4),
('B028', 'M017', 4),
('B029', 'M017', 4),
('B030', 'M017', 4),
('B031', 'M017', 4),
('B032', 'M017', 4),
('B033', 'M017', 5),
('B034', 'M017', 2),
('B035', 'M017', 3),
('B036', 'M017', 4),
('B037', 'M017', 4),
('B038', 'M017', 4),
('B039', 'M017', 4),
('B040', 'M017', 4),
('B041', 'M017', 4),
('B042', 'M017', 4),
('B043', 'M017', 4),
('B044', 'M017', 4),
('B045', 'M017', 4),
('B046', 'M017', 2),
('B047', 'M017', 2),
('B048', 'M017', 2),
('B049', 'M017', 2),
('B050', 'M017', 4),
('B051', 'M017', 2),
('B052', 'M017', 2),
('B053', 'M017', 4),
('B054', 'M017', 2),
('B055', 'M017', 0),
('B056', 'M017', 4),
('B057', 'M017', 4),
('B058', 'M017', 2),
('B059', 'M017', 2),
('B060', 'M017', 4),
('B061', 'M017', 4),
('B062', 'M017', 4),
('B063', 'M017', 4),
('B064', 'M017', 4),
('B065', 'M017', 2),
('B066', 'M017', 2),
('B067', 'M017', 2),
('B068', 'M017', 0),
('B069', 'M017', 0),
('B070', 'M017', 2),
('B071', 'M017', 3),
('B072', 'M017', 3),
('B073', 'M017', 4),
('B074', 'M017', 2),
('B075', 'M017', 2),
('B076', 'M017', 2),
('B077', 'M017', 2),
('B078', 'M017', 2),
('B079', 'M017', 2),
('B080', 'M017', 4),
('B081', 'M017', 4),
('B082', 'M017', 4),
('B083', 'M017', 4),
('B084', 'M017', 2),
('B085', 'M017', 4),
('B086', 'M017', 4),
('B087', 'M017', 4),
('B001', 'M018', 2),
('B002', 'M018', 2),
('B003', 'M018', 2),
('B004', 'M018', 2),
('B005', 'M018', 2),
('B006', 'M018', 2),
('B007', 'M018', 2),
('B008', 'M018', 2),
('B009', 'M018', 2),
('B010', 'M018', 2),
('B011', 'M018', 2),
('B012', 'M018', 2),
('B013', 'M018', 2),
('B014', 'M018', 2),
('B015', 'M018', 2),
('B016', 'M018', 2),
('B017', 'M018', 2),
('B018', 'M018', 2),
('B019', 'M018', 2),
('B020', 'M018', 2),
('B021', 'M018', 2),
('B022', 'M018', 2),
('B023', 'M018', 2),
('B024', 'M018', 2),
('B025', 'M018', 4),
('B026', 'M018', 0),
('B027', 'M018', 3),
('B028', 'M018', 3),
('B029', 'M018', 4),
('B030', 'M018', 4),
('B031', 'M018', 4),
('B032', 'M018', 2),
('B033', 'M018', 2),
('B034', 'M018', 3),
('B035', 'M018', 2),
('B036', 'M018', 4),
('B037', 'M018', 4),
('B038', 'M018', 4),
('B039', 'M018', 4),
('B040', 'M018', 4),
('B041', 'M018', 4),
('B042', 'M018', 4),
('B043', 'M018', 4),
('B044', 'M018', 4),
('B045', 'M018', 4),
('B046', 'M018', 2),
('B047', 'M018', 2),
('B048', 'M018', 2),
('B049', 'M018', 2),
('B050', 'M018', 2),
('B051', 'M018', 2),
('B052', 'M018', 2),
('B053', 'M018', 0),
('B054', 'M018', 2),
('B055', 'M018', 0),
('B056', 'M018', 4),
('B057', 'M018', 2),
('B058', 'M018', 2),
('B059', 'M018', 4),
('B060', 'M018', 4),
('B061', 'M018', 4),
('B062', 'M018', 4),
('B063', 'M018', 4),
('B064', 'M018', 2),
('B065', 'M018', 2),
('B066', 'M018', 2),
('B067', 'M018', 0),
('B068', 'M018', 0),
('B069', 'M018', 2),
('B070', 'M018', 2),
('B071', 'M018', 2),
('B072', 'M018', 4),
('B073', 'M018', 2),
('B074', 'M018', 2),
('B075', 'M018', 2),
('B076', 'M018', 2),
('B077', 'M018', 2),
('B078', 'M018', 2),
('B079', 'M018', 2),
('B080', 'M018', 2),
('B081', 'M018', 2),
('B082', 'M018', 2),
('B083', 'M018', 2),
('B084', 'M018', 2),
('B085', 'M018', 2),
('B086', 'M018', 2),
('B087', 'M018', 2),
('B001', 'M019', 3),
('B002', 'M019', 2),
('B003', 'M019', 2),
('B004', 'M019', 2),
('B005', 'M019', 2),
('B006', 'M019', 2),
('B007', 'M019', 2),
('B008', 'M019', 4),
('B009', 'M019', 2),
('B010', 'M019', 2),
('B011', 'M019', 4),
('B012', 'M019', 2),
('B013', 'M019', 4),
('B014', 'M019', 3),
('B015', 'M019', 3),
('B016', 'M019', 3),
('B017', 'M019', 3),
('B018', 'M019', 3),
('B019', 'M019', 2),
('B020', 'M019', 4),
('B021', 'M019', 0),
('B022', 'M019', 2),
('B023', 'M019', 2),
('B024', 'M019', 2),
('B025', 'M019', 4),
('B026', 'M019', 4),
('B027', 'M019', 4),
('B028', 'M019', 4),
('B029', 'M019', 4),
('B030', 'M019', 4),
('B031', 'M019', 4),
('B032', 'M019', 3),
('B033', 'M019', 2),
('B034', 'M019', 3),
('B035', 'M019', 2),
('B036', 'M019', 4),
('B037', 'M019', 4),
('B038', 'M019', 4),
('B039', 'M019', 4),
('B040', 'M019', 4),
('B041', 'M019', 4),
('B042', 'M019', 4),
('B043', 'M019', 4),
('B044', 'M019', 5),
('B045', 'M019', 5),
('B046', 'M019', 2),
('B047', 'M019', 0),
('B048', 'M019', 2),
('B049', 'M019', 4),
('B050', 'M019', 3),
('B051', 'M019', 4),
('B052', 'M019', 0),
('B053', 'M019', 4),
('B054', 'M019', 5),
('B055', 'M019', 5),
('B056', 'M019', 4),
('B057', 'M019', 4),
('B058', 'M019', 5),
('B059', 'M019', 5),
('B060', 'M019', 4),
('B061', 'M019', 4),
('B062', 'M019', 3),
('B063', 'M019', 0),
('B064', 'M019', 4),
('B065', 'M019', 3),
('B066', 'M019', 2),
('B067', 'M019', 4),
('B068', 'M019', 4),
('B069', 'M019', 4),
('B070', 'M019', 4),
('B071', 'M019', 3),
('B072', 'M019', 2),
('B073', 'M019', 4),
('B074', 'M019', 2),
('B075', 'M019', 2),
('B076', 'M019', 4),
('B077', 'M019', 2),
('B078', 'M019', 4),
('B079', 'M019', 4),
('B080', 'M019', 2),
('B081', 'M019', 2),
('B082', 'M019', 2),
('B083', 'M019', 2),
('B084', 'M019', 2),
('B085', 'M019', 2),
('B086', 'M019', 3),
('B087', 'M019', 2),
('B001', 'M020', 4),
('B002', 'M020', 2),
('B003', 'M020', 2),
('B004', 'M020', 2),
('B005', 'M020', 4),
('B006', 'M020', 4),
('B007', 'M020', 4),
('B008', 'M020', 4),
('B009', 'M020', 4),
('B010', 'M020', 4),
('B011', 'M020', 4),
('B012', 'M020', 4),
('B013', 'M020', 4),
('B014', 'M020', 4),
('B015', 'M020', 4),
('B016', 'M020', 4),
('B017', 'M020', 4),
('B018', 'M020', 4),
('B019', 'M020', 4),
('B020', 'M020', 0),
('B021', 'M020', 0),
('B022', 'M020', 0),
('B023', 'M020', 4),
('B024', 'M020', 0),
('B025', 'M020', 4),
('B026', 'M020', 4),
('B027', 'M020', 4),
('B028', 'M020', 4),
('B029', 'M020', 4),
('B030', 'M020', 4),
('B031', 'M020', 4),
('B032', 'M020', 3),
('B033', 'M020', 2),
('B034', 'M020', 2),
('B035', 'M020', 2),
('B036', 'M020', 4),
('B037', 'M020', 4),
('B038', 'M020', 4),
('B039', 'M020', 4),
('B040', 'M020', 4),
('B041', 'M020', 4),
('B042', 'M020', 4),
('B043', 'M020', 4),
('B044', 'M020', 4),
('B045', 'M020', 4),
('B046', 'M020', 2),
('B047', 'M020', 0),
('B048', 'M020', 2),
('B049', 'M020', 0),
('B050', 'M020', 0),
('B051', 'M020', 0),
('B052', 'M020', 0),
('B053', 'M020', 0),
('B054', 'M020', 0),
('B055', 'M020', 0),
('B056', 'M020', 4),
('B057', 'M020', 4),
('B058', 'M020', 0),
('B059', 'M020', 4),
('B060', 'M020', 4),
('B061', 'M020', 4),
('B062', 'M020', 0),
('B063', 'M020', 0),
('B064', 'M020', 4),
('B065', 'M020', 0),
('B066', 'M020', 2),
('B067', 'M020', 0),
('B068', 'M020', 0),
('B069', 'M020', 0),
('B070', 'M020', 0),
('B071', 'M020', 0),
('B072', 'M020', 2),
('B073', 'M020', 4),
('B074', 'M020', 0),
('B075', 'M020', 0),
('B076', 'M020', 0),
('B077', 'M020', 0),
('B078', 'M020', 0),
('B079', 'M020', 0),
('B080', 'M020', 4),
('B081', 'M020', 0),
('B082', 'M020', 0),
('B083', 'M020', 0),
('B084', 'M020', 2),
('B085', 'M020', 4),
('B086', 'M020', 2),
('B087', 'M020', 4),
('B001', 'M021', 3),
('B002', 'M021', 2),
('B003', 'M021', 2),
('B004', 'M021', 2),
('B005', 'M021', 4),
('B006', 'M021', 2),
('B007', 'M021', 3),
('B008', 'M021', 4),
('B009', 'M021', 2),
('B010', 'M021', 2),
('B011', 'M021', 4),
('B012', 'M021', 4),
('B013', 'M021', 4),
('B014', 'M021', 3),
('B015', 'M021', 3),
('B016', 'M021', 3),
('B017', 'M021', 3),
('B018', 'M021', 3),
('B019', 'M021', 2),
('B020', 'M021', 4),
('B021', 'M021', 0),
('B022', 'M021', 2),
('B023', 'M021', 2),
('B024', 'M021', 2),
('B025', 'M021', 4),
('B026', 'M021', 4),
('B027', 'M021', 4),
('B028', 'M021', 4),
('B029', 'M021', 4),
('B030', 'M021', 4),
('B031', 'M021', 4),
('B032', 'M021', 3),
('B033', 'M021', 2),
('B034', 'M021', 2),
('B035', 'M021', 2),
('B036', 'M021', 4),
('B037', 'M021', 4),
('B038', 'M021', 4),
('B039', 'M021', 4),
('B040', 'M021', 4),
('B041', 'M021', 4),
('B042', 'M021', 4),
('B043', 'M021', 4),
('B044', 'M021', 4),
('B045', 'M021', 4),
('B046', 'M021', 2),
('B047', 'M021', 0),
('B048', 'M021', 2),
('B049', 'M021', 0),
('B050', 'M021', 3),
('B051', 'M021', 4),
('B052', 'M021', 0),
('B053', 'M021', 4),
('B054', 'M021', 0),
('B055', 'M021', 0),
('B056', 'M021', 4),
('B057', 'M021', 4),
('B058', 'M021', 0),
('B059', 'M021', 5),
('B060', 'M021', 4),
('B061', 'M021', 4),
('B062', 'M021', 3),
('B063', 'M021', 0),
('B064', 'M021', 4),
('B065', 'M021', 3),
('B066', 'M021', 2),
('B067', 'M021', 0),
('B068', 'M021', 4),
('B069', 'M021', 4),
('B070', 'M021', 0),
('B071', 'M021', 3),
('B072', 'M021', 2),
('B073', 'M021', 2),
('B074', 'M021', 2),
('B075', 'M021', 5),
('B076', 'M021', 4),
('B077', 'M021', 2),
('B078', 'M021', 4),
('B079', 'M021', 4),
('B080', 'M021', 2),
('B081', 'M021', 2),
('B082', 'M021', 2),
('B083', 'M021', 2),
('B084', 'M021', 2),
('B085', 'M021', 2),
('B086', 'M021', 3),
('B087', 'M021', 2),
('B001', 'M022', 4),
('B002', 'M022', 2),
('B003', 'M022', 2),
('B004', 'M022', 2),
('B005', 'M022', 4),
('B006', 'M022', 2),
('B007', 'M022', 3),
('B008', 'M022', 4),
('B009', 'M022', 3),
('B010', 'M022', 3),
('B011', 'M022', 4),
('B012', 'M022', 4),
('B013', 'M022', 4),
('B014', 'M022', 3),
('B015', 'M022', 3),
('B016', 'M022', 3),
('B017', 'M022', 3),
('B018', 'M022', 4),
('B019', 'M022', 4),
('B020', 'M022', 4),
('B021', 'M022', 0),
('B022', 'M022', 2),
('B023', 'M022', 4),
('B024', 'M022', 2),
('B025', 'M022', 4),
('B026', 'M022', 4),
('B027', 'M022', 4),
('B028', 'M022', 4),
('B029', 'M022', 4),
('B030', 'M022', 4),
('B031', 'M022', 4),
('B032', 'M022', 3),
('B033', 'M022', 2),
('B034', 'M022', 3),
('B035', 'M022', 2),
('B036', 'M022', 4),
('B037', 'M022', 4),
('B038', 'M022', 4),
('B039', 'M022', 4),
('B040', 'M022', 4),
('B041', 'M022', 4),
('B042', 'M022', 4),
('B043', 'M022', 4),
('B044', 'M022', 5),
('B045', 'M022', 5),
('B046', 'M022', 2),
('B047', 'M022', 0),
('B048', 'M022', 2),
('B049', 'M022', 0),
('B050', 'M022', 3),
('B051', 'M022', 4),
('B052', 'M022', 0),
('B053', 'M022', 4),
('B054', 'M022', 0),
('B055', 'M022', 4),
('B056', 'M022', 5),
('B057', 'M022', 5),
('B058', 'M022', 0),
('B059', 'M022', 5),
('B060', 'M022', 4),
('B061', 'M022', 4),
('B062', 'M022', 3),
('B063', 'M022', 0),
('B064', 'M022', 4),
('B065', 'M022', 3),
('B066', 'M022', 2),
('B067', 'M022', 0),
('B068', 'M022', 4),
('B069', 'M022', 4),
('B070', 'M022', 0),
('B071', 'M022', 3),
('B072', 'M022', 2),
('B073', 'M022', 4),
('B074', 'M022', 3),
('B075', 'M022', 5),
('B076', 'M022', 4),
('B077', 'M022', 3),
('B078', 'M022', 5),
('B079', 'M022', 4),
('B080', 'M022', 2),
('B081', 'M022', 2),
('B082', 'M022', 3),
('B083', 'M022', 0),
('B084', 'M022', 2),
('B085', 'M022', 2),
('B086', 'M022', 3),
('B087', 'M022', 4),
('B001', 'M023', 4),
('B002', 'M023', 3),
('B003', 'M023', 2),
('B004', 'M023', 2),
('B005', 'M023', 4),
('B006', 'M023', 2),
('B007', 'M023', 3),
('B008', 'M023', 4),
('B009', 'M023', 3),
('B010', 'M023', 3),
('B011', 'M023', 4),
('B012', 'M023', 4),
('B013', 'M023', 4),
('B014', 'M023', 3),
('B015', 'M023', 3),
('B016', 'M023', 3),
('B017', 'M023', 3),
('B018', 'M023', 4),
('B019', 'M023', 4),
('B020', 'M023', 4),
('B021', 'M023', 0),
('B022', 'M023', 3),
('B023', 'M023', 4),
('B024', 'M023', 2),
('B025', 'M023', 4),
('B026', 'M023', 4),
('B027', 'M023', 4),
('B028', 'M023', 4),
('B029', 'M023', 4),
('B030', 'M023', 4),
('B031', 'M023', 4),
('B032', 'M023', 3),
('B033', 'M023', 2),
('B034', 'M023', 2),
('B035', 'M023', 2),
('B036', 'M023', 4),
('B037', 'M023', 4),
('B038', 'M023', 0),
('B039', 'M023', 4),
('B040', 'M023', 4),
('B041', 'M023', 4),
('B042', 'M023', 4),
('B043', 'M023', 4),
('B044', 'M023', 4),
('B045', 'M023', 4),
('B046', 'M023', 2),
('B047', 'M023', 0),
('B048', 'M023', 2),
('B049', 'M023', 0),
('B050', 'M023', 0),
('B051', 'M023', 4),
('B052', 'M023', 0),
('B053', 'M023', 0),
('B054', 'M023', 0),
('B055', 'M023', 0),
('B056', 'M023', 5),
('B057', 'M023', 0),
('B058', 'M023', 0),
('B059', 'M023', 5),
('B060', 'M023', 4),
('B061', 'M023', 4),
('B062', 'M023', 2),
('B063', 'M023', 0),
('B064', 'M023', 4),
('B065', 'M023', 3),
('B066', 'M023', 2),
('B067', 'M023', 0),
('B068', 'M023', 0),
('B069', 'M023', 0),
('B070', 'M023', 0),
('B071', 'M023', 3),
('B072', 'M023', 2),
('B073', 'M023', 2),
('B074', 'M023', 3),
('B075', 'M023', 4),
('B076', 'M023', 4),
('B077', 'M023', 5),
('B078', 'M023', 5),
('B079', 'M023', 4),
('B080', 'M023', 3),
('B081', 'M023', 0),
('B082', 'M023', 4),
('B083', 'M023', 0),
('B084', 'M023', 2),
('B085', 'M023', 2),
('B086', 'M023', 3),
('B087', 'M023', 4),
('B001', 'M024', 4),
('B002', 'M024', 2),
('B003', 'M024', 2),
('B004', 'M024', 2),
('B005', 'M024', 2),
('B006', 'M024', 2),
('B007', 'M024', 2),
('B008', 'M024', 2),
('B009', 'M024', 2),
('B010', 'M024', 2),
('B011', 'M024', 2),
('B012', 'M024', 2),
('B013', 'M024', 2),
('B014', 'M024', 2),
('B015', 'M024', 2),
('B016', 'M024', 2),
('B017', 'M024', 2),
('B018', 'M024', 2),
('B019', 'M024', 2),
('B020', 'M024', 2),
('B021', 'M024', 2),
('B022', 'M024', 2),
('B023', 'M024', 2),
('B024', 'M024', 2),
('B025', 'M024', 2),
('B026', 'M024', 2),
('B027', 'M024', 4),
('B028', 'M024', 4),
('B029', 'M024', 4),
('B030', 'M024', 4),
('B031', 'M024', 4),
('B032', 'M024', 3),
('B033', 'M024', 2),
('B034', 'M024', 2),
('B035', 'M024', 2),
('B036', 'M024', 4),
('B037', 'M024', 4),
('B038', 'M024', 4),
('B039', 'M024', 4),
('B040', 'M024', 4),
('B041', 'M024', 4),
('B042', 'M024', 2),
('B043', 'M024', 2),
('B044', 'M024', 2),
('B045', 'M024', 2),
('B046', 'M024', 2),
('B047', 'M024', 2),
('B048', 'M024', 2),
('B049', 'M024', 2),
('B050', 'M024', 2),
('B051', 'M024', 2),
('B052', 'M024', 2),
('B053', 'M024', 2),
('B054', 'M024', 2),
('B055', 'M024', 2),
('B056', 'M024', 2),
('B057', 'M024', 2),
('B058', 'M024', 2),
('B059', 'M024', 2),
('B060', 'M024', 2),
('B061', 'M024', 2),
('B062', 'M024', 2),
('B063', 'M024', 2),
('B064', 'M024', 2),
('B065', 'M024', 2),
('B066', 'M024', 2),
('B067', 'M024', 2),
('B068', 'M024', 2),
('B069', 'M024', 2),
('B070', 'M024', 2),
('B071', 'M024', 2),
('B072', 'M024', 2),
('B073', 'M024', 2),
('B074', 'M024', 2),
('B075', 'M024', 2),
('B076', 'M024', 2),
('B077', 'M024', 2),
('B078', 'M024', 2),
('B079', 'M024', 2),
('B080', 'M024', 2),
('B081', 'M024', 2),
('B082', 'M024', 2),
('B083', 'M024', 2),
('B084', 'M024', 2),
('B085', 'M024', 2),
('B086', 'M024', 2),
('B087', 'M024', 2),
('B001', 'M025', 3),
('B002', 'M025', 2),
('B003', 'M025', 2),
('B004', 'M025', 2),
('B005', 'M025', 2),
('B006', 'M025', 2),
('B007', 'M025', 2),
('B008', 'M025', 4),
('B009', 'M025', 2),
('B010', 'M025', 2),
('B011', 'M025', 4),
('B012', 'M025', 2),
('B013', 'M025', 4),
('B014', 'M025', 3),
('B015', 'M025', 3),
('B016', 'M025', 3),
('B017', 'M025', 3),
('B018', 'M025', 3),
('B019', 'M025', 2),
('B020', 'M025', 4),
('B021', 'M025', 0),
('B022', 'M025', 2),
('B023', 'M025', 2),
('B024', 'M025', 2),
('B025', 'M025', 4),
('B026', 'M025', 4),
('B027', 'M025', 4),
('B028', 'M025', 4),
('B029', 'M025', 4),
('B030', 'M025', 4),
('B031', 'M025', 4),
('B032', 'M025', 3),
('B033', 'M025', 2),
('B034', 'M025', 3),
('B035', 'M025', 2),
('B036', 'M025', 4),
('B037', 'M025', 4),
('B038', 'M025', 4),
('B039', 'M025', 4),
('B040', 'M025', 4),
('B041', 'M025', 4),
('B042', 'M025', 4),
('B043', 'M025', 4),
('B044', 'M025', 5),
('B045', 'M025', 5),
('B046', 'M025', 2),
('B047', 'M025', 0),
('B048', 'M025', 2),
('B049', 'M025', 4),
('B050', 'M025', 3),
('B051', 'M025', 4),
('B052', 'M025', 0),
('B053', 'M025', 4),
('B054', 'M025', 5),
('B055', 'M025', 5),
('B056', 'M025', 4),
('B057', 'M025', 4),
('B058', 'M025', 5),
('B059', 'M025', 5),
('B060', 'M025', 4),
('B061', 'M025', 4),
('B062', 'M025', 3),
('B063', 'M025', 0),
('B064', 'M025', 4),
('B065', 'M025', 3),
('B066', 'M025', 2),
('B067', 'M025', 4),
('B068', 'M025', 4),
('B069', 'M025', 4),
('B070', 'M025', 4),
('B071', 'M025', 3),
('B072', 'M025', 2),
('B073', 'M025', 4),
('B074', 'M025', 2),
('B075', 'M025', 2),
('B076', 'M025', 4),
('B077', 'M025', 2),
('B078', 'M025', 4),
('B079', 'M025', 4),
('B080', 'M025', 2),
('B081', 'M025', 2),
('B082', 'M025', 2),
('B083', 'M025', 2),
('B084', 'M025', 2),
('B085', 'M025', 2),
('B086', 'M025', 3),
('B087', 'M025', 2),
('B001', 'M026', 4),
('B002', 'M026', 3),
('B003', 'M026', 2),
('B004', 'M026', 2),
('B005', 'M026', 4),
('B006', 'M026', 2),
('B007', 'M026', 3),
('B008', 'M026', 4),
('B009', 'M026', 2),
('B010', 'M026', 2),
('B011', 'M026', 4),
('B012', 'M026', 4),
('B013', 'M026', 4),
('B014', 'M026', 3),
('B015', 'M026', 3),
('B016', 'M026', 3),
('B017', 'M026', 3),
('B018', 'M026', 4),
('B019', 'M026', 4),
('B020', 'M026', 4),
('B021', 'M026', 0),
('B022', 'M026', 3),
('B023', 'M026', 4),
('B024', 'M026', 2),
('B025', 'M026', 4),
('B026', 'M026', 4),
('B027', 'M026', 4),
('B028', 'M026', 4),
('B029', 'M026', 4),
('B030', 'M026', 4),
('B031', 'M026', 4),
('B032', 'M026', 3),
('B033', 'M026', 2),
('B034', 'M026', 2),
('B035', 'M026', 2),
('B036', 'M026', 4),
('B037', 'M026', 4),
('B038', 'M026', 0),
('B039', 'M026', 4),
('B040', 'M026', 4),
('B041', 'M026', 0),
('B042', 'M026', 4),
('B043', 'M026', 4),
('B044', 'M026', 4),
('B045', 'M026', 0),
('B046', 'M026', 2),
('B047', 'M026', 0),
('B048', 'M026', 2),
('B049', 'M026', 0),
('B050', 'M026', 0),
('B051', 'M026', 4),
('B052', 'M026', 2),
('B053', 'M026', 0),
('B054', 'M026', 0),
('B055', 'M026', 0),
('B056', 'M026', 4),
('B057', 'M026', 0),
('B058', 'M026', 0),
('B059', 'M026', 4),
('B060', 'M026', 4),
('B061', 'M026', 4),
('B062', 'M026', 4),
('B063', 'M026', 0),
('B064', 'M026', 4),
('B065', 'M026', 0),
('B066', 'M026', 2),
('B067', 'M026', 0),
('B068', 'M026', 0),
('B069', 'M026', 0),
('B070', 'M026', 0),
('B071', 'M026', 0),
('B072', 'M026', 2),
('B073', 'M026', 2),
('B074', 'M026', 0),
('B075', 'M026', 4),
('B076', 'M026', 4),
('B077', 'M026', 0),
('B078', 'M026', 4),
('B079', 'M026', 0),
('B080', 'M026', 2),
('B081', 'M026', 0),
('B082', 'M026', 0),
('B083', 'M026', 0),
('B084', 'M026', 2),
('B085', 'M026', 2),
('B086', 'M026', 0),
('B087', 'M026', 0),
('B001', 'M027', 4),
('B002', 'M027', 3),
('B003', 'M027', 2),
('B004', 'M027', 2),
('B005', 'M027', 4),
('B006', 'M027', 2),
('B007', 'M027', 3),
('B008', 'M027', 4),
('B009', 'M027', 2),
('B010', 'M027', 2),
('B011', 'M027', 4),
('B012', 'M027', 4),
('B013', 'M027', 4),
('B014', 'M027', 3),
('B015', 'M027', 3),
('B016', 'M027', 3),
('B017', 'M027', 3),
('B018', 'M027', 4),
('B019', 'M027', 4),
('B020', 'M027', 4),
('B021', 'M027', 0),
('B022', 'M027', 2),
('B023', 'M027', 4),
('B024', 'M027', 2),
('B025', 'M027', 4),
('B026', 'M027', 4),
('B027', 'M027', 4),
('B028', 'M027', 4),
('B029', 'M027', 4),
('B030', 'M027', 4),
('B031', 'M027', 4),
('B032', 'M027', 3),
('B033', 'M027', 2),
('B034', 'M027', 2),
('B035', 'M027', 2),
('B036', 'M027', 4),
('B037', 'M027', 4),
('B038', 'M027', 0),
('B039', 'M027', 4),
('B040', 'M027', 4),
('B041', 'M027', 0),
('B042', 'M027', 4),
('B043', 'M027', 4),
('B044', 'M027', 4),
('B045', 'M027', 4),
('B046', 'M027', 2),
('B047', 'M027', 0),
('B048', 'M027', 2),
('B049', 'M027', 0),
('B050', 'M027', 0),
('B051', 'M027', 4),
('B052', 'M027', 2),
('B053', 'M027', 0),
('B054', 'M027', 0),
('B055', 'M027', 0),
('B056', 'M027', 4),
('B057', 'M027', 0),
('B058', 'M027', 0),
('B059', 'M027', 4),
('B060', 'M027', 4),
('B061', 'M027', 4),
('B062', 'M027', 2),
('B063', 'M027', 0),
('B064', 'M027', 4),
('B065', 'M027', 0),
('B066', 'M027', 2),
('B067', 'M027', 0),
('B068', 'M027', 0),
('B069', 'M027', 0),
('B070', 'M027', 0),
('B071', 'M027', 0),
('B072', 'M027', 2),
('B073', 'M027', 2),
('B074', 'M027', 0),
('B075', 'M027', 4),
('B076', 'M027', 4),
('B077', 'M027', 4),
('B078', 'M027', 4),
('B079', 'M027', 0),
('B080', 'M027', 2),
('B081', 'M027', 0),
('B082', 'M027', 0),
('B083', 'M027', 0),
('B084', 'M027', 2),
('B085', 'M027', 2),
('B086', 'M027', 0),
('B087', 'M027', 4),
('B001', 'M028', 2),
('B002', 'M028', 2),
('B003', 'M028', 2),
('B004', 'M028', 2),
('B005', 'M028', 5),
('B006', 'M028', 2),
('B007', 'M028', 2),
('B008', 'M028', 5),
('B009', 'M028', 2),
('B010', 'M028', 2),
('B011', 'M028', 5),
('B012', 'M028', 5),
('B013', 'M028', 5),
('B014', 'M028', 4),
('B015', 'M028', 4),
('B016', 'M028', 4),
('B017', 'M028', 4),
('B018', 'M028', 4),
('B019', 'M028', 4),
('B020', 'M028', 4),
('B021', 'M028', 0),
('B022', 'M028', 2),
('B023', 'M028', 2),
('B024', 'M028', 2),
('B025', 'M028', 2),
('B026', 'M028', 2),
('B027', 'M028', 2),
('B028', 'M028', 2),
('B029', 'M028', 2),
('B030', 'M028', 2),
('B031', 'M028', 4),
('B032', 'M028', 2),
('B033', 'M028', 2),
('B034', 'M028', 2),
('B035', 'M028', 2),
('B036', 'M028', 4),
('B037', 'M028', 4),
('B038', 'M028', 2),
('B039', 'M028', 4),
('B040', 'M028', 2),
('B041', 'M028', 2),
('B042', 'M028', 2),
('B043', 'M028', 2),
('B044', 'M028', 2),
('B045', 'M028', 2),
('B046', 'M028', 2),
('B047', 'M028', 2),
('B048', 'M028', 2),
('B049', 'M028', 2),
('B050', 'M028', 2),
('B051', 'M028', 2),
('B052', 'M028', 2),
('B053', 'M028', 2),
('B054', 'M028', 2),
('B055', 'M028', 2),
('B056', 'M028', 4),
('B057', 'M028', 2),
('B058', 'M028', 2),
('B059', 'M028', 0),
('B060', 'M028', 2),
('B061', 'M028', 3),
('B062', 'M028', 2),
('B063', 'M028', 2),
('B064', 'M028', 2),
('B065', 'M028', 2),
('B066', 'M028', 2),
('B067', 'M028', 2),
('B068', 'M028', 2),
('B069', 'M028', 2),
('B070', 'M028', 2),
('B071', 'M028', 2),
('B072', 'M028', 2),
('B073', 'M028', 2),
('B074', 'M028', 2),
('B075', 'M028', 2),
('B076', 'M028', 2),
('B077', 'M028', 2),
('B078', 'M028', 2),
('B079', 'M028', 2),
('B080', 'M028', 2),
('B081', 'M028', 2),
('B082', 'M028', 2),
('B083', 'M028', 2),
('B084', 'M028', 2),
('B085', 'M028', 2),
('B086', 'M028', 4),
('B087', 'M028', 4),
('B001', 'M029', 2),
('B002', 'M029', 2),
('B003', 'M029', 2),
('B004', 'M029', 2),
('B005', 'M029', 4),
('B006', 'M029', 2),
('B007', 'M029', 2),
('B008', 'M029', 4),
('B009', 'M029', 2),
('B010', 'M029', 2),
('B011', 'M029', 4),
('B012', 'M029', 4),
('B013', 'M029', 4),
('B014', 'M029', 4),
('B015', 'M029', 4),
('B016', 'M029', 4),
('B017', 'M029', 4),
('B018', 'M029', 4),
('B019', 'M029', 4),
('B020', 'M029', 4),
('B021', 'M029', 0),
('B022', 'M029', 2),
('B023', 'M029', 2),
('B024', 'M029', 2),
('B025', 'M029', 2),
('B026', 'M029', 2),
('B027', 'M029', 2),
('B028', 'M029', 2),
('B029', 'M029', 2),
('B030', 'M029', 2),
('B031', 'M029', 4),
('B032', 'M029', 3),
('B033', 'M029', 2),
('B034', 'M029', 2),
('B035', 'M029', 2),
('B036', 'M029', 4),
('B037', 'M029', 4),
('B038', 'M029', 4),
('B039', 'M029', 4),
('B040', 'M029', 4),
('B041', 'M029', 4),
('B042', 'M029', 0),
('B043', 'M029', 4),
('B044', 'M029', 0),
('B045', 'M029', 3),
('B046', 'M029', 2),
('B047', 'M029', 2),
('B048', 'M029', 2),
('B049', 'M029', 2),
('B050', 'M029', 2),
('B051', 'M029', 2),
('B052', 'M029', 2),
('B053', 'M029', 0),
('B054', 'M029', 2),
('B055', 'M029', 2),
('B056', 'M029', 4),
('B057', 'M029', 4),
('B058', 'M029', 2),
('B059', 'M029', 2),
('B060', 'M029', 0),
('B061', 'M029', 4),
('B062', 'M029', 3),
('B063', 'M029', 2),
('B064', 'M029', 0),
('B065', 'M029', 2),
('B066', 'M029', 2),
('B067', 'M029', 2),
('B068', 'M029', 2),
('B069', 'M029', 2),
('B070', 'M029', 2),
('B071', 'M029', 2),
('B072', 'M029', 2),
('B073', 'M029', 2),
('B074', 'M029', 2),
('B075', 'M029', 2),
('B076', 'M029', 2),
('B077', 'M029', 2),
('B078', 'M029', 2),
('B079', 'M029', 2),
('B080', 'M029', 3),
('B081', 'M029', 4),
('B082', 'M029', 4),
('B083', 'M029', 0),
('B084', 'M029', 2),
('B085', 'M029', 4),
('B086', 'M029', 4),
('B087', 'M029', 4),
('B001', 'M030', 2),
('B002', 'M030', 2),
('B003', 'M030', 2),
('B004', 'M030', 2),
('B005', 'M030', 4),
('B006', 'M030', 2),
('B007', 'M030', 2),
('B008', 'M030', 4),
('B009', 'M030', 2),
('B010', 'M030', 2),
('B011', 'M030', 4),
('B012', 'M030', 4),
('B013', 'M030', 4),
('B014', 'M030', 4),
('B015', 'M030', 4),
('B016', 'M030', 4),
('B017', 'M030', 4),
('B018', 'M030', 4),
('B019', 'M030', 4),
('B020', 'M030', 4),
('B021', 'M030', 0),
('B022', 'M030', 2),
('B023', 'M030', 2),
('B024', 'M030', 2),
('B025', 'M030', 2),
('B026', 'M030', 2),
('B027', 'M030', 2),
('B028', 'M030', 2),
('B029', 'M030', 2),
('B030', 'M030', 2),
('B031', 'M030', 4),
('B032', 'M030', 3),
('B033', 'M030', 2),
('B034', 'M030', 2),
('B035', 'M030', 2),
('B036', 'M030', 4),
('B037', 'M030', 4),
('B038', 'M030', 4),
('B039', 'M030', 4),
('B040', 'M030', 4),
('B041', 'M030', 4),
('B042', 'M030', 0),
('B043', 'M030', 2),
('B044', 'M030', 0),
('B045', 'M030', 3),
('B046', 'M030', 2),
('B047', 'M030', 2),
('B048', 'M030', 2),
('B049', 'M030', 2),
('B050', 'M030', 2),
('B051', 'M030', 2),
('B052', 'M030', 2),
('B053', 'M030', 4),
('B054', 'M030', 2),
('B055', 'M030', 2),
('B056', 'M030', 4),
('B057', 'M030', 4),
('B058', 'M030', 4),
('B059', 'M030', 2),
('B060', 'M030', 0),
('B061', 'M030', 3),
('B062', 'M030', 3),
('B063', 'M030', 2),
('B064', 'M030', 0),
('B065', 'M030', 2),
('B066', 'M030', 2),
('B067', 'M030', 2),
('B068', 'M030', 2),
('B069', 'M030', 2),
('B070', 'M030', 2),
('B071', 'M030', 2),
('B072', 'M030', 2),
('B073', 'M030', 2),
('B074', 'M030', 2),
('B075', 'M030', 2),
('B076', 'M030', 2),
('B077', 'M030', 2),
('B078', 'M030', 2),
('B079', 'M030', 2),
('B080', 'M030', 3),
('B081', 'M030', 4),
('B082', 'M030', 4),
('B083', 'M030', 4),
('B084', 'M030', 2),
('B085', 'M030', 4),
('B086', 'M030', 4),
('B087', 'M030', 4),
('B001', 'M031', 2),
('B002', 'M031', 2),
('B003', 'M031', 2),
('B004', 'M031', 2),
('B005', 'M031', 4),
('B006', 'M031', 2),
('B007', 'M031', 2),
('B008', 'M031', 4),
('B009', 'M031', 2),
('B010', 'M031', 2),
('B011', 'M031', 4),
('B012', 'M031', 4),
('B013', 'M031', 4),
('B014', 'M031', 4),
('B015', 'M031', 4),
('B016', 'M031', 4),
('B017', 'M031', 4),
('B018', 'M031', 4),
('B019', 'M031', 4),
('B020', 'M031', 4),
('B021', 'M031', 0),
('B022', 'M031', 2),
('B023', 'M031', 2),
('B024', 'M031', 2),
('B025', 'M031', 0),
('B026', 'M031', 2),
('B027', 'M031', 2),
('B028', 'M031', 2),
('B029', 'M031', 2),
('B030', 'M031', 2),
('B031', 'M031', 4),
('B032', 'M031', 2),
('B033', 'M031', 2),
('B034', 'M031', 2),
('B035', 'M031', 2),
('B036', 'M031', 4),
('B037', 'M031', 4),
('B038', 'M031', 2),
('B039', 'M031', 4),
('B040', 'M031', 4),
('B041', 'M031', 2),
('B042', 'M031', 0),
('B043', 'M031', 2),
('B044', 'M031', 0),
('B045', 'M031', 3),
('B046', 'M031', 2),
('B047', 'M031', 2),
('B048', 'M031', 4),
('B049', 'M031', 2),
('B050', 'M031', 2),
('B051', 'M031', 2),
('B052', 'M031', 2),
('B053', 'M031', 2),
('B054', 'M031', 2),
('B055', 'M031', 2),
('B056', 'M031', 4),
('B057', 'M031', 4),
('B058', 'M031', 2),
('B059', 'M031', 2),
('B060', 'M031', 0),
('B061', 'M031', 4),
('B062', 'M031', 2),
('B063', 'M031', 4),
('B064', 'M031', 4),
('B065', 'M031', 2),
('B066', 'M031', 2),
('B067', 'M031', 2),
('B068', 'M031', 2),
('B069', 'M031', 2),
('B070', 'M031', 2),
('B071', 'M031', 2),
('B072', 'M031', 2),
('B073', 'M031', 2),
('B074', 'M031', 2),
('B075', 'M031', 2),
('B076', 'M031', 2),
('B077', 'M031', 2),
('B078', 'M031', 2),
('B079', 'M031', 2),
('B080', 'M031', 2),
('B081', 'M031', 0),
('B082', 'M031', 0),
('B083', 'M031', 2),
('B084', 'M031', 2),
('B085', 'M031', 0),
('B086', 'M031', 4),
('B087', 'M031', 4),
('B001', 'M032', 2),
('B002', 'M032', 2),
('B003', 'M032', 2),
('B004', 'M032', 2),
('B005', 'M032', 4),
('B006', 'M032', 2),
('B007', 'M032', 2),
('B008', 'M032', 4),
('B009', 'M032', 2),
('B010', 'M032', 2),
('B011', 'M032', 4),
('B012', 'M032', 4),
('B013', 'M032', 4),
('B014', 'M032', 4),
('B015', 'M032', 4),
('B016', 'M032', 4),
('B017', 'M032', 4),
('B018', 'M032', 4),
('B019', 'M032', 5),
('B020', 'M032', 4),
('B021', 'M032', 0),
('B022', 'M032', 2),
('B023', 'M032', 2),
('B024', 'M032', 3),
('B025', 'M032', 4),
('B026', 'M032', 4),
('B027', 'M032', 3),
('B028', 'M032', 3),
('B029', 'M032', 2),
('B030', 'M032', 2),
('B031', 'M032', 4),
('B032', 'M032', 2),
('B033', 'M032', 2),
('B034', 'M032', 2),
('B035', 'M032', 2),
('B036', 'M032', 4),
('B037', 'M032', 4),
('B038', 'M032', 4),
('B039', 'M032', 4),
('B040', 'M032', 4),
('B041', 'M032', 4),
('B042', 'M032', 4),
('B043', 'M032', 4),
('B044', 'M032', 4),
('B045', 'M032', 5),
('B046', 'M032', 2),
('B047', 'M032', 2),
('B048', 'M032', 4),
('B049', 'M032', 2),
('B050', 'M032', 4),
('B051', 'M032', 2),
('B052', 'M032', 2),
('B053', 'M032', 4),
('B054', 'M032', 2),
('B055', 'M032', 2),
('B056', 'M032', 5),
('B057', 'M032', 4),
('B058', 'M032', 2),
('B059', 'M032', 2),
('B060', 'M032', 5),
('B061', 'M032', 4),
('B062', 'M032', 3),
('B063', 'M032', 4),
('B064', 'M032', 4),
('B065', 'M032', 2),
('B066', 'M032', 2),
('B067', 'M032', 2),
('B068', 'M032', 4),
('B069', 'M032', 4),
('B070', 'M032', 2),
('B071', 'M032', 2),
('B072', 'M032', 2),
('B073', 'M032', 2),
('B074', 'M032', 2),
('B075', 'M032', 2),
('B076', 'M032', 2),
('B077', 'M032', 2),
('B078', 'M032', 2),
('B079', 'M032', 2),
('B080', 'M032', 2),
('B081', 'M032', 4),
('B082', 'M032', 0),
('B083', 'M032', 4),
('B084', 'M032', 2),
('B085', 'M032', 4),
('B086', 'M032', 4),
('B087', 'M032', 4),
('B001', 'M033', 2),
('B002', 'M033', 2),
('B003', 'M033', 2),
('B004', 'M033', 2),
('B005', 'M033', 4),
('B006', 'M033', 2),
('B007', 'M033', 2),
('B008', 'M033', 4),
('B009', 'M033', 2),
('B010', 'M033', 2),
('B011', 'M033', 4),
('B012', 'M033', 4),
('B013', 'M033', 4),
('B014', 'M033', 4),
('B015', 'M033', 4),
('B016', 'M033', 4),
('B017', 'M033', 4),
('B018', 'M033', 4),
('B019', 'M033', 4),
('B020', 'M033', 4),
('B021', 'M033', 0),
('B022', 'M033', 2),
('B023', 'M033', 2),
('B024', 'M033', 2),
('B025', 'M033', 4),
('B026', 'M033', 4),
('B027', 'M033', 3),
('B028', 'M033', 3),
('B029', 'M033', 2),
('B030', 'M033', 2),
('B031', 'M033', 4),
('B032', 'M033', 2),
('B033', 'M033', 2),
('B034', 'M033', 2),
('B035', 'M033', 2),
('B036', 'M033', 4),
('B037', 'M033', 4),
('B038', 'M033', 4),
('B039', 'M033', 4),
('B040', 'M033', 4),
('B041', 'M033', 4),
('B042', 'M033', 4),
('B043', 'M033', 4),
('B044', 'M033', 4),
('B045', 'M033', 4),
('B046', 'M033', 2),
('B047', 'M033', 2),
('B048', 'M033', 2),
('B049', 'M033', 2),
('B050', 'M033', 0),
('B051', 'M033', 2),
('B052', 'M033', 2),
('B053', 'M033', 0),
('B054', 'M033', 2),
('B055', 'M033', 2),
('B056', 'M033', 4),
('B057', 'M033', 4),
('B058', 'M033', 2),
('B059', 'M033', 2),
('B060', 'M033', 0),
('B061', 'M033', 4),
('B062', 'M033', 3),
('B063', 'M033', 4),
('B064', 'M033', 4),
('B065', 'M033', 2),
('B066', 'M033', 2),
('B067', 'M033', 2),
('B068', 'M033', 4),
('B069', 'M033', 4),
('B070', 'M033', 2),
('B071', 'M033', 2),
('B072', 'M033', 2),
('B073', 'M033', 2),
('B074', 'M033', 2),
('B075', 'M033', 2),
('B076', 'M033', 2),
('B077', 'M033', 2),
('B078', 'M033', 2),
('B079', 'M033', 2),
('B080', 'M033', 4),
('B081', 'M033', 0),
('B082', 'M033', 0),
('B083', 'M033', 4),
('B084', 'M033', 2),
('B085', 'M033', 4),
('B086', 'M033', 4),
('B087', 'M033', 4),
('B001', 'M034', 3),
('B002', 'M034', 2),
('B003', 'M034', 2),
('B004', 'M034', 2),
('B005', 'M034', 4),
('B006', 'M034', 2),
('B007', 'M034', 2),
('B008', 'M034', 4),
('B009', 'M034', 2),
('B010', 'M034', 2),
('B011', 'M034', 4),
('B012', 'M034', 4),
('B013', 'M034', 4),
('B014', 'M034', 4),
('B015', 'M034', 4),
('B016', 'M034', 4),
('B017', 'M034', 4),
('B018', 'M034', 4),
('B019', 'M034', 5),
('B020', 'M034', 4),
('B021', 'M034', 0),
('B022', 'M034', 2),
('B023', 'M034', 2),
('B024', 'M034', 3),
('B025', 'M034', 4),
('B026', 'M034', 4),
('B027', 'M034', 3),
('B028', 'M034', 3),
('B029', 'M034', 2),
('B030', 'M034', 2),
('B031', 'M034', 4),
('B032', 'M034', 2),
('B033', 'M034', 2),
('B034', 'M034', 2),
('B035', 'M034', 2),
('B036', 'M034', 4),
('B037', 'M034', 4),
('B038', 'M034', 4),
('B039', 'M034', 4),
('B040', 'M034', 4),
('B041', 'M034', 4),
('B042', 'M034', 4),
('B043', 'M034', 4),
('B044', 'M034', 4),
('B045', 'M034', 5),
('B046', 'M034', 2),
('B047', 'M034', 2),
('B048', 'M034', 5),
('B049', 'M034', 2),
('B050', 'M034', 4),
('B051', 'M034', 2),
('B052', 'M034', 2),
('B053', 'M034', 4),
('B054', 'M034', 2),
('B055', 'M034', 5),
('B056', 'M034', 5),
('B057', 'M034', 5),
('B058', 'M034', 4),
('B059', 'M034', 2),
('B060', 'M034', 5),
('B061', 'M034', 4),
('B062', 'M034', 5),
('B063', 'M034', 5),
('B064', 'M034', 4),
('B065', 'M034', 2),
('B066', 'M034', 4),
('B067', 'M034', 2),
('B068', 'M034', 4),
('B069', 'M034', 4),
('B070', 'M034', 2),
('B071', 'M034', 3),
('B072', 'M034', 2),
('B073', 'M034', 2),
('B074', 'M034', 2),
('B075', 'M034', 2),
('B076', 'M034', 2),
('B077', 'M034', 2),
('B078', 'M034', 2),
('B079', 'M034', 2),
('B080', 'M034', 2),
('B081', 'M034', 4),
('B082', 'M034', 0),
('B083', 'M034', 4),
('B084', 'M034', 2),
('B085', 'M034', 4),
('B086', 'M034', 5),
('B087', 'M034', 4),
('B001', 'M035', 2),
('B002', 'M035', 2),
('B003', 'M035', 2),
('B004', 'M035', 2),
('B005', 'M035', 3),
('B006', 'M035', 2),
('B007', 'M035', 2),
('B008', 'M035', 3),
('B009', 'M035', 2),
('B010', 'M035', 2),
('B011', 'M035', 3),
('B012', 'M035', 3),
('B013', 'M035', 3),
('B014', 'M035', 4),
('B015', 'M035', 4),
('B016', 'M035', 4),
('B017', 'M035', 4),
('B018', 'M035', 4),
('B019', 'M035', 3),
('B020', 'M035', 4),
('B021', 'M035', 0),
('B022', 'M035', 2),
('B023', 'M035', 2),
('B024', 'M035', 2),
('B025', 'M035', 4),
('B026', 'M035', 4),
('B027', 'M035', 3),
('B028', 'M035', 3),
('B029', 'M035', 2),
('B030', 'M035', 2),
('B031', 'M035', 4),
('B032', 'M035', 2),
('B033', 'M035', 2),
('B034', 'M035', 2),
('B035', 'M035', 2),
('B036', 'M035', 4),
('B037', 'M035', 4),
('B038', 'M035', 4),
('B039', 'M035', 4),
('B040', 'M035', 4),
('B041', 'M035', 4),
('B042', 'M035', 4),
('B043', 'M035', 4),
('B044', 'M035', 4),
('B045', 'M035', 3),
('B046', 'M035', 2),
('B047', 'M035', 2),
('B048', 'M035', 2),
('B049', 'M035', 2),
('B050', 'M035', 4),
('B051', 'M035', 2),
('B052', 'M035', 2),
('B053', 'M035', 0),
('B054', 'M035', 2),
('B055', 'M035', 2),
('B056', 'M035', 4),
('B057', 'M035', 4),
('B058', 'M035', 2),
('B059', 'M035', 2),
('B060', 'M035', 0),
('B061', 'M035', 4),
('B062', 'M035', 0),
('B063', 'M035', 4),
('B064', 'M035', 0),
('B065', 'M035', 2),
('B066', 'M035', 2),
('B067', 'M035', 2),
('B068', 'M035', 4),
('B069', 'M035', 4),
('B070', 'M035', 2),
('B071', 'M035', 3),
('B072', 'M035', 3),
('B073', 'M035', 4),
('B074', 'M035', 3),
('B075', 'M035', 2),
('B076', 'M035', 2),
('B077', 'M035', 2),
('B078', 'M035', 2),
('B079', 'M035', 2),
('B080', 'M035', 2),
('B081', 'M035', 0),
('B082', 'M035', 0),
('B083', 'M035', 0),
('B084', 'M035', 2),
('B085', 'M035', 2),
('B086', 'M035', 4),
('B087', 'M035', 4),
('B001', 'M036', 2),
('B002', 'M036', 2),
('B003', 'M036', 2),
('B004', 'M036', 2),
('B005', 'M036', 4),
('B006', 'M036', 2),
('B007', 'M036', 2),
('B008', 'M036', 4),
('B009', 'M036', 2),
('B010', 'M036', 2),
('B011', 'M036', 4),
('B012', 'M036', 4),
('B013', 'M036', 4),
('B014', 'M036', 4),
('B015', 'M036', 4),
('B016', 'M036', 4),
('B017', 'M036', 4),
('B018', 'M036', 4),
('B019', 'M036', 4),
('B020', 'M036', 4),
('B021', 'M036', 0),
('B022', 'M036', 2),
('B023', 'M036', 2),
('B024', 'M036', 2),
('B025', 'M036', 4),
('B026', 'M036', 4),
('B027', 'M036', 5),
('B028', 'M036', 5),
('B029', 'M036', 4),
('B030', 'M036', 4),
('B031', 'M036', 4),
('B032', 'M036', 2),
('B033', 'M036', 2),
('B034', 'M036', 2),
('B035', 'M036', 2),
('B036', 'M036', 4),
('B037', 'M036', 4),
('B038', 'M036', 5),
('B039', 'M036', 4),
('B040', 'M036', 4),
('B041', 'M036', 4),
('B042', 'M036', 4),
('B043', 'M036', 4),
('B044', 'M036', 4),
('B045', 'M036', 5),
('B046', 'M036', 2),
('B047', 'M036', 2),
('B048', 'M036', 2),
('B049', 'M036', 2),
('B050', 'M036', 4),
('B051', 'M036', 2),
('B052', 'M036', 2),
('B053', 'M036', 0),
('B054', 'M036', 2),
('B055', 'M036', 0),
('B056', 'M036', 4),
('B057', 'M036', 4),
('B058', 'M036', 2),
('B059', 'M036', 2),
('B060', 'M036', 4),
('B061', 'M036', 4),
('B062', 'M036', 4),
('B063', 'M036', 4),
('B064', 'M036', 4),
('B065', 'M036', 2),
('B066', 'M036', 2),
('B067', 'M036', 2),
('B068', 'M036', 4),
('B069', 'M036', 4),
('B070', 'M036', 2),
('B071', 'M036', 3),
('B072', 'M036', 3),
('B073', 'M036', 4),
('B074', 'M036', 2),
('B075', 'M036', 2),
('B076', 'M036', 2),
('B077', 'M036', 2),
('B078', 'M036', 2),
('B079', 'M036', 2),
('B080', 'M036', 2),
('B081', 'M036', 0),
('B082', 'M036', 0),
('B083', 'M036', 0),
('B084', 'M036', 2),
('B085', 'M036', 0),
('B086', 'M036', 4),
('B087', 'M036', 4),
('B001', 'M037', 2),
('B002', 'M037', 2),
('B003', 'M037', 2),
('B004', 'M037', 2),
('B005', 'M037', 3),
('B006', 'M037', 2),
('B007', 'M037', 2),
('B008', 'M037', 3),
('B009', 'M037', 2),
('B010', 'M037', 2),
('B011', 'M037', 3),
('B012', 'M037', 3),
('B013', 'M037', 3),
('B014', 'M037', 4),
('B015', 'M037', 4),
('B016', 'M037', 4),
('B017', 'M037', 4),
('B018', 'M037', 4),
('B019', 'M037', 3),
('B020', 'M037', 4),
('B021', 'M037', 0),
('B022', 'M037', 2),
('B023', 'M037', 2),
('B024', 'M037', 2),
('B025', 'M037', 4),
('B026', 'M037', 4),
('B027', 'M037', 4),
('B028', 'M037', 4),
('B029', 'M037', 4),
('B030', 'M037', 4),
('B031', 'M037', 4),
('B032', 'M037', 4),
('B033', 'M037', 5),
('B034', 'M037', 2),
('B035', 'M037', 3),
('B036', 'M037', 4),
('B037', 'M037', 4),
('B038', 'M037', 4),
('B039', 'M037', 4),
('B040', 'M037', 4),
('B041', 'M037', 4),
('B042', 'M037', 4),
('B043', 'M037', 4),
('B044', 'M037', 4),
('B045', 'M037', 0),
('B046', 'M037', 2),
('B047', 'M037', 2),
('B048', 'M037', 2),
('B049', 'M037', 2),
('B050', 'M037', 4),
('B051', 'M037', 2),
('B052', 'M037', 2),
('B053', 'M037', 0),
('B054', 'M037', 2),
('B055', 'M037', 2),
('B056', 'M037', 4),
('B057', 'M037', 4),
('B058', 'M037', 2),
('B059', 'M037', 2),
('B060', 'M037', 4),
('B061', 'M037', 4),
('B062', 'M037', 0),
('B063', 'M037', 4),
('B064', 'M037', 0),
('B065', 'M037', 2),
('B066', 'M037', 2),
('B067', 'M037', 2),
('B068', 'M037', 4),
('B069', 'M037', 4),
('B070', 'M037', 2),
('B071', 'M037', 0),
('B072', 'M037', 4),
('B073', 'M037', 4),
('B074', 'M037', 3),
('B075', 'M037', 2),
('B076', 'M037', 2),
('B077', 'M037', 2),
('B078', 'M037', 2),
('B079', 'M037', 2),
('B080', 'M037', 2),
('B081', 'M037', 0),
('B082', 'M037', 0),
('B083', 'M037', 0),
('B084', 'M037', 2),
('B085', 'M037', 0),
('B086', 'M037', 4),
('B087', 'M037', 4),
('B001', 'M038', 2),
('B002', 'M038', 2),
('B003', 'M038', 2),
('B004', 'M038', 2),
('B005', 'M038', 4),
('B006', 'M038', 4),
('B007', 'M038', 4),
('B008', 'M038', 4),
('B009', 'M038', 4),
('B010', 'M038', 4),
('B011', 'M038', 4),
('B012', 'M038', 4),
('B013', 'M038', 4),
('B014', 'M038', 4),
('B015', 'M038', 4),
('B016', 'M038', 4),
('B017', 'M038', 4),
('B018', 'M038', 4),
('B019', 'M038', 4),
('B020', 'M038', 4),
('B021', 'M038', 0),
('B022', 'M038', 2),
('B023', 'M038', 2),
('B024', 'M038', 2),
('B025', 'M038', 0),
('B026', 'M038', 0),
('B027', 'M038', 4),
('B028', 'M038', 4),
('B029', 'M038', 2),
('B030', 'M038', 2),
('B031', 'M038', 4),
('B032', 'M038', 2),
('B033', 'M038', 2),
('B034', 'M038', 2),
('B035', 'M038', 2),
('B036', 'M038', 4),
('B037', 'M038', 4),
('B038', 'M038', 4),
('B039', 'M038', 4),
('B040', 'M038', 0),
('B041', 'M038', 0),
('B042', 'M038', 0),
('B043', 'M038', 0),
('B044', 'M038', 0),
('B045', 'M038', 0),
('B046', 'M038', 2),
('B047', 'M038', 2),
('B048', 'M038', 2),
('B049', 'M038', 2),
('B050', 'M038', 2),
('B051', 'M038', 2),
('B052', 'M038', 2),
('B053', 'M038', 0),
('B054', 'M038', 2),
('B055', 'M038', 2),
('B056', 'M038', 4),
('B057', 'M038', 4),
('B058', 'M038', 2),
('B059', 'M038', 2),
('B060', 'M038', 0),
('B061', 'M038', 4),
('B062', 'M038', 0),
('B063', 'M038', 0),
('B064', 'M038', 4),
('B065', 'M038', 2),
('B066', 'M038', 2),
('B067', 'M038', 2),
('B068', 'M038', 0),
('B069', 'M038', 0),
('B070', 'M038', 2),
('B071', 'M038', 0),
('B072', 'M038', 2),
('B073', 'M038', 2),
('B074', 'M038', 2),
('B075', 'M038', 2),
('B076', 'M038', 2),
('B077', 'M038', 2),
('B078', 'M038', 2),
('B079', 'M038', 2),
('B080', 'M038', 2),
('B081', 'M038', 0),
('B082', 'M038', 0),
('B083', 'M038', 0),
('B084', 'M038', 2),
('B085', 'M038', 0),
('B086', 'M038', 4),
('B087', 'M038', 4),
('B001', 'M039', 2),
('B002', 'M039', 2),
('B003', 'M039', 2),
('B004', 'M039', 2),
('B005', 'M039', 0),
('B006', 'M039', 2),
('B007', 'M039', 2),
('B008', 'M039', 0),
('B009', 'M039', 2),
('B010', 'M039', 2),
('B011', 'M039', 0),
('B012', 'M039', 0),
('B013', 'M039', 0),
('B014', 'M039', 4),
('B015', 'M039', 4),
('B016', 'M039', 4),
('B017', 'M039', 4),
('B018', 'M039', 4),
('B019', 'M039', 4),
('B020', 'M039', 0),
('B021', 'M039', 0),
('B022', 'M039', 2),
('B023', 'M039', 2),
('B024', 'M039', 2),
('B025', 'M039', 0),
('B026', 'M039', 0),
('B027', 'M039', 4),
('B028', 'M039', 4),
('B029', 'M039', 4),
('B030', 'M039', 4),
('B031', 'M039', 4),
('B032', 'M039', 4),
('B033', 'M039', 2),
('B034', 'M039', 2),
('B035', 'M039', 2),
('B036', 'M039', 4),
('B037', 'M039', 4),
('B038', 'M039', 4),
('B039', 'M039', 4),
('B040', 'M039', 4),
('B041', 'M039', 4),
('B042', 'M039', 0),
('B043', 'M039', 4),
('B044', 'M039', 0),
('B045', 'M039', 0),
('B046', 'M039', 2),
('B047', 'M039', 2),
('B048', 'M039', 2),
('B049', 'M039', 2),
('B050', 'M039', 2),
('B051', 'M039', 2),
('B052', 'M039', 2),
('B053', 'M039', 0),
('B054', 'M039', 2),
('B055', 'M039', 2),
('B056', 'M039', 4),
('B057', 'M039', 4),
('B058', 'M039', 2),
('B059', 'M039', 2),
('B060', 'M039', 0),
('B061', 'M039', 4),
('B062', 'M039', 0),
('B063', 'M039', 0),
('B064', 'M039', 4),
('B065', 'M039', 2),
('B066', 'M039', 2),
('B067', 'M039', 2),
('B068', 'M039', 0),
('B069', 'M039', 0),
('B070', 'M039', 2),
('B071', 'M039', 3),
('B072', 'M039', 4),
('B073', 'M039', 4),
('B074', 'M039', 2),
('B075', 'M039', 2),
('B076', 'M039', 2),
('B077', 'M039', 2),
('B078', 'M039', 2),
('B079', 'M039', 2),
('B080', 'M039', 4),
('B081', 'M039', 0),
('B082', 'M039', 4),
('B083', 'M039', 0),
('B084', 'M039', 2),
('B085', 'M039', 0),
('B086', 'M039', 4),
('B087', 'M039', 4),
('B001', 'M040', 2),
('B002', 'M040', 2),
('B003', 'M040', 2),
('B004', 'M040', 2),
('B005', 'M040', 4),
('B006', 'M040', 2),
('B007', 'M040', 2),
('B008', 'M040', 3),
('B009', 'M040', 2),
('B010', 'M040', 2),
('B011', 'M040', 4),
('B012', 'M040', 4),
('B013', 'M040', 5),
('B014', 'M040', 4),
('B015', 'M040', 4),
('B016', 'M040', 4),
('B017', 'M040', 4),
('B018', 'M040', 4),
('B019', 'M040', 4),
('B020', 'M040', 4),
('B021', 'M040', 0),
('B022', 'M040', 2),
('B023', 'M040', 2),
('B024', 'M040', 2),
('B025', 'M040', 0),
('B026', 'M040', 2),
('B027', 'M040', 2),
('B028', 'M040', 2),
('B029', 'M040', 2),
('B030', 'M040', 2),
('B031', 'M040', 3),
('B032', 'M040', 2),
('B033', 'M040', 2),
('B034', 'M040', 2),
('B035', 'M040', 2),
('B036', 'M040', 3),
('B037', 'M040', 3),
('B038', 'M040', 2),
('B039', 'M040', 4),
('B040', 'M040', 2),
('B041', 'M040', 2),
('B042', 'M040', 2),
('B043', 'M040', 2),
('B044', 'M040', 2),
('B045', 'M040', 2),
('B046', 'M040', 2),
('B047', 'M040', 2),
('B048', 'M040', 2),
('B049', 'M040', 2),
('B050', 'M040', 2),
('B051', 'M040', 2),
('B052', 'M040', 2),
('B053', 'M040', 2),
('B054', 'M040', 2),
('B055', 'M040', 2),
('B056', 'M040', 2),
('B057', 'M040', 2),
('B058', 'M040', 2),
('B059', 'M040', 2),
('B060', 'M040', 0),
('B061', 'M040', 2),
('B062', 'M040', 2),
('B063', 'M040', 2),
('B064', 'M040', 0),
('B065', 'M040', 2),
('B066', 'M040', 2),
('B067', 'M040', 2),
('B068', 'M040', 2),
('B069', 'M040', 2),
('B070', 'M040', 2),
('B071', 'M040', 2),
('B072', 'M040', 2),
('B073', 'M040', 2),
('B074', 'M040', 2),
('B075', 'M040', 2),
('B076', 'M040', 2),
('B077', 'M040', 2),
('B078', 'M040', 2),
('B079', 'M040', 2),
('B080', 'M040', 2),
('B081', 'M040', 0),
('B082', 'M040', 0),
('B083', 'M040', 0),
('B084', 'M040', 2),
('B085', 'M040', 0),
('B086', 'M040', 4),
('B087', 'M040', 4),
('B001', 'M041', 2),
('B002', 'M041', 2),
('B003', 'M041', 2),
('B004', 'M041', 2),
('B005', 'M041', 4),
('B006', 'M041', 2),
('B007', 'M041', 2),
('B008', 'M041', 3),
('B009', 'M041', 2),
('B010', 'M041', 2),
('B011', 'M041', 4),
('B012', 'M041', 4),
('B013', 'M041', 5),
('B014', 'M041', 4),
('B015', 'M041', 4),
('B016', 'M041', 4),
('B017', 'M041', 4),
('B018', 'M041', 4),
('B019', 'M041', 4),
('B020', 'M041', 4),
('B021', 'M041', 0),
('B022', 'M041', 2),
('B023', 'M041', 2),
('B024', 'M041', 2),
('B025', 'M041', 2),
('B026', 'M041', 2),
('B027', 'M041', 2),
('B028', 'M041', 2),
('B029', 'M041', 2),
('B030', 'M041', 2),
('B031', 'M041', 3),
('B032', 'M041', 2),
('B033', 'M041', 2),
('B034', 'M041', 2),
('B035', 'M041', 2),
('B036', 'M041', 3),
('B037', 'M041', 3),
('B038', 'M041', 2),
('B039', 'M041', 4),
('B040', 'M041', 2),
('B041', 'M041', 2),
('B042', 'M041', 2),
('B043', 'M041', 2),
('B044', 'M041', 2),
('B045', 'M041', 2),
('B046', 'M041', 2),
('B047', 'M041', 2),
('B048', 'M041', 2),
('B049', 'M041', 2),
('B050', 'M041', 2),
('B051', 'M041', 2),
('B052', 'M041', 2),
('B053', 'M041', 2),
('B054', 'M041', 2),
('B055', 'M041', 2),
('B056', 'M041', 2),
('B057', 'M041', 2),
('B058', 'M041', 2),
('B059', 'M041', 2),
('B060', 'M041', 0),
('B061', 'M041', 2),
('B062', 'M041', 2),
('B063', 'M041', 2),
('B064', 'M041', 2),
('B065', 'M041', 2),
('B066', 'M041', 2),
('B067', 'M041', 2),
('B068', 'M041', 2),
('B069', 'M041', 2),
('B070', 'M041', 2),
('B071', 'M041', 2),
('B072', 'M041', 2),
('B073', 'M041', 2),
('B074', 'M041', 2),
('B075', 'M041', 2),
('B076', 'M041', 2),
('B077', 'M041', 2),
('B078', 'M041', 2),
('B079', 'M041', 2),
('B080', 'M041', 2),
('B081', 'M041', 0),
('B082', 'M041', 0),
('B083', 'M041', 0),
('B084', 'M041', 2),
('B085', 'M041', 0),
('B086', 'M041', 2),
('B087', 'M041', 4),
('B001', 'M042', 2),
('B002', 'M042', 2),
('B003', 'M042', 2),
('B004', 'M042', 2),
('B005', 'M042', 4),
('B006', 'M042', 2),
('B007', 'M042', 2),
('B008', 'M042', 3),
('B009', 'M042', 2),
('B010', 'M042', 2),
('B011', 'M042', 4),
('B012', 'M042', 4),
('B013', 'M042', 5),
('B014', 'M042', 4),
('B015', 'M042', 4),
('B016', 'M042', 4),
('B017', 'M042', 4),
('B018', 'M042', 4),
('B019', 'M042', 4),
('B020', 'M042', 4),
('B021', 'M042', 0),
('B022', 'M042', 2),
('B023', 'M042', 2),
('B024', 'M042', 2),
('B025', 'M042', 0),
('B026', 'M042', 2),
('B027', 'M042', 2),
('B028', 'M042', 2),
('B029', 'M042', 2),
('B030', 'M042', 2),
('B031', 'M042', 3),
('B032', 'M042', 2),
('B033', 'M042', 2),
('B034', 'M042', 2),
('B035', 'M042', 2),
('B036', 'M042', 3),
('B037', 'M042', 3),
('B038', 'M042', 2),
('B039', 'M042', 4),
('B040', 'M042', 2),
('B041', 'M042', 2),
('B042', 'M042', 2),
('B043', 'M042', 2),
('B044', 'M042', 2),
('B045', 'M042', 2),
('B046', 'M042', 2),
('B047', 'M042', 2),
('B048', 'M042', 2),
('B049', 'M042', 2),
('B050', 'M042', 2),
('B051', 'M042', 2),
('B052', 'M042', 2),
('B053', 'M042', 2),
('B054', 'M042', 2),
('B055', 'M042', 2),
('B056', 'M042', 3),
('B057', 'M042', 2),
('B058', 'M042', 2),
('B059', 'M042', 2),
('B060', 'M042', 0),
('B061', 'M042', 3),
('B062', 'M042', 2),
('B063', 'M042', 2),
('B064', 'M042', 2),
('B065', 'M042', 2),
('B066', 'M042', 2),
('B067', 'M042', 2),
('B068', 'M042', 2),
('B069', 'M042', 2),
('B070', 'M042', 2),
('B071', 'M042', 2),
('B072', 'M042', 2),
('B073', 'M042', 2),
('B074', 'M042', 2),
('B075', 'M042', 2),
('B076', 'M042', 2),
('B077', 'M042', 2),
('B078', 'M042', 2),
('B079', 'M042', 2),
('B080', 'M042', 2),
('B081', 'M042', 0),
('B082', 'M042', 0),
('B083', 'M042', 0),
('B084', 'M042', 2),
('B085', 'M042', 0),
('B086', 'M042', 4),
('B087', 'M042', 4),
('B001', 'M043', 2),
('B002', 'M043', 2),
('B003', 'M043', 2),
('B004', 'M043', 2),
('B005', 'M043', 4),
('B006', 'M043', 2),
('B007', 'M043', 2),
('B008', 'M043', 4),
('B009', 'M043', 2),
('B010', 'M043', 2),
('B011', 'M043', 4),
('B012', 'M043', 4),
('B013', 'M043', 4),
('B014', 'M043', 4),
('B015', 'M043', 4),
('B016', 'M043', 4),
('B017', 'M043', 4),
('B018', 'M043', 4),
('B019', 'M043', 2),
('B020', 'M043', 4),
('B021', 'M043', 0),
('B022', 'M043', 2),
('B023', 'M043', 2),
('B024', 'M043', 2),
('B025', 'M043', 0),
('B026', 'M043', 2),
('B027', 'M043', 2),
('B028', 'M043', 2),
('B029', 'M043', 2),
('B030', 'M043', 2),
('B031', 'M043', 4),
('B032', 'M043', 2),
('B033', 'M043', 2),
('B034', 'M043', 2),
('B035', 'M043', 2),
('B036', 'M043', 4),
('B037', 'M043', 4),
('B038', 'M043', 2),
('B039', 'M043', 4),
('B040', 'M043', 2),
('B041', 'M043', 2),
('B042', 'M043', 2),
('B043', 'M043', 2),
('B044', 'M043', 2),
('B045', 'M043', 2),
('B046', 'M043', 2),
('B047', 'M043', 2),
('B048', 'M043', 2),
('B049', 'M043', 2),
('B050', 'M043', 2),
('B051', 'M043', 2),
('B052', 'M043', 2),
('B053', 'M043', 0),
('B054', 'M043', 2),
('B055', 'M043', 2),
('B056', 'M043', 4),
('B057', 'M043', 4),
('B058', 'M043', 2),
('B059', 'M043', 2),
('B060', 'M043', 0),
('B061', 'M043', 4),
('B062', 'M043', 2),
('B063', 'M043', 2),
('B064', 'M043', 0),
('B065', 'M043', 2),
('B066', 'M043', 2),
('B067', 'M043', 2),
('B068', 'M043', 2),
('B069', 'M043', 2),
('B070', 'M043', 2),
('B071', 'M043', 2),
('B072', 'M043', 2),
('B073', 'M043', 2),
('B074', 'M043', 2),
('B075', 'M043', 2),
('B076', 'M043', 2),
('B077', 'M043', 2),
('B078', 'M043', 2),
('B079', 'M043', 2),
('B080', 'M043', 2),
('B081', 'M043', 0),
('B082', 'M043', 0),
('B083', 'M043', 2),
('B084', 'M043', 2),
('B085', 'M043', 0),
('B086', 'M043', 4),
('B087', 'M043', 4),
('B001', 'M044', 2),
('B002', 'M044', 2),
('B003', 'M044', 2),
('B004', 'M044', 2),
('B005', 'M044', 4),
('B006', 'M044', 2),
('B007', 'M044', 2),
('B008', 'M044', 4),
('B009', 'M044', 2),
('B010', 'M044', 2),
('B011', 'M044', 4),
('B012', 'M044', 4),
('B013', 'M044', 4),
('B014', 'M044', 4),
('B015', 'M044', 4),
('B016', 'M044', 4),
('B017', 'M044', 4),
('B018', 'M044', 4),
('B019', 'M044', 4),
('B020', 'M044', 4),
('B021', 'M044', 0),
('B022', 'M044', 2),
('B023', 'M044', 2),
('B024', 'M044', 2),
('B025', 'M044', 0),
('B026', 'M044', 2),
('B027', 'M044', 2),
('B028', 'M044', 2),
('B029', 'M044', 2),
('B030', 'M044', 2),
('B031', 'M044', 4),
('B032', 'M044', 2),
('B033', 'M044', 2),
('B034', 'M044', 2),
('B035', 'M044', 2),
('B036', 'M044', 4),
('B037', 'M044', 4),
('B038', 'M044', 2),
('B039', 'M044', 4),
('B040', 'M044', 2),
('B041', 'M044', 2),
('B042', 'M044', 2),
('B043', 'M044', 2),
('B044', 'M044', 2),
('B045', 'M044', 2),
('B046', 'M044', 2),
('B047', 'M044', 2),
('B048', 'M044', 5),
('B049', 'M044', 2),
('B050', 'M044', 2),
('B051', 'M044', 2),
('B052', 'M044', 2),
('B053', 'M044', 2),
('B054', 'M044', 2),
('B055', 'M044', 2),
('B056', 'M044', 4),
('B057', 'M044', 2),
('B058', 'M044', 2),
('B059', 'M044', 2),
('B060', 'M044', 0),
('B061', 'M044', 4),
('B062', 'M044', 2),
('B063', 'M044', 2),
('B064', 'M044', 4),
('B065', 'M044', 2),
('B066', 'M044', 2),
('B067', 'M044', 2),
('B068', 'M044', 2),
('B069', 'M044', 2),
('B070', 'M044', 2),
('B071', 'M044', 2),
('B072', 'M044', 2),
('B073', 'M044', 2),
('B074', 'M044', 2),
('B075', 'M044', 2),
('B076', 'M044', 2),
('B077', 'M044', 2),
('B078', 'M044', 2),
('B079', 'M044', 2),
('B080', 'M044', 2),
('B081', 'M044', 0),
('B082', 'M044', 0),
('B083', 'M044', 2),
('B084', 'M044', 2),
('B085', 'M044', 0),
('B086', 'M044', 4),
('B087', 'M044', 4),
('B001', 'M045', 2),
('B002', 'M045', 2),
('B003', 'M045', 2),
('B004', 'M045', 2),
('B005', 'M045', 2),
('B006', 'M045', 2),
('B007', 'M045', 2),
('B008', 'M045', 2),
('B009', 'M045', 2),
('B010', 'M045', 2),
('B011', 'M045', 0),
('B012', 'M045', 0),
('B013', 'M045', 0),
('B014', 'M045', 4),
('B015', 'M045', 4),
('B016', 'M045', 4),
('B017', 'M045', 4),
('B018', 'M045', 4),
('B019', 'M045', 4),
('B020', 'M045', 4),
('B021', 'M045', 0),
('B022', 'M045', 2),
('B023', 'M045', 2),
('B024', 'M045', 2),
('B025', 'M045', 0),
('B026', 'M045', 2),
('B027', 'M045', 4),
('B028', 'M045', 4),
('B029', 'M045', 2),
('B030', 'M045', 2),
('B031', 'M045', 4),
('B032', 'M045', 2),
('B033', 'M045', 2),
('B034', 'M045', 2),
('B035', 'M045', 2),
('B036', 'M045', 4),
('B037', 'M045', 4),
('B038', 'M045', 2),
('B039', 'M045', 4),
('B040', 'M045', 4),
('B041', 'M045', 4),
('B042', 'M045', 4),
('B043', 'M045', 4),
('B044', 'M045', 4),
('B045', 'M045', 4),
('B046', 'M045', 2),
('B047', 'M045', 2),
('B048', 'M045', 2),
('B049', 'M045', 2),
('B050', 'M045', 2),
('B051', 'M045', 2),
('B052', 'M045', 2),
('B053', 'M045', 0),
('B054', 'M045', 2),
('B055', 'M045', 2),
('B056', 'M045', 4),
('B057', 'M045', 4),
('B058', 'M045', 2),
('B059', 'M045', 2),
('B060', 'M045', 0),
('B061', 'M045', 4),
('B062', 'M045', 4),
('B063', 'M045', 2),
('B064', 'M045', 4),
('B065', 'M045', 2),
('B066', 'M045', 2),
('B067', 'M045', 2),
('B068', 'M045', 2),
('B069', 'M045', 2),
('B070', 'M045', 2),
('B071', 'M045', 2),
('B072', 'M045', 2),
('B073', 'M045', 2),
('B074', 'M045', 2),
('B075', 'M045', 2),
('B076', 'M045', 2),
('B077', 'M045', 2),
('B078', 'M045', 2),
('B079', 'M045', 2),
('B080', 'M045', 2),
('B081', 'M045', 0),
('B082', 'M045', 0),
('B083', 'M045', 0),
('B084', 'M045', 2),
('B085', 'M045', 0),
('B086', 'M045', 4),
('B087', 'M045', 4),
('B001', 'M046', 2),
('B002', 'M046', 2),
('B003', 'M046', 2),
('B004', 'M046', 2),
('B005', 'M046', 2),
('B006', 'M046', 2),
('B007', 'M046', 2),
('B008', 'M046', 2),
('B009', 'M046', 2),
('B010', 'M046', 2),
('B011', 'M046', 0),
('B012', 'M046', 0),
('B013', 'M046', 0),
('B014', 'M046', 4),
('B015', 'M046', 4),
('B016', 'M046', 4),
('B017', 'M046', 4),
('B018', 'M046', 4),
('B019', 'M046', 2),
('B020', 'M046', 4),
('B021', 'M046', 0),
('B022', 'M046', 2),
('B023', 'M046', 2),
('B024', 'M046', 2),
('B025', 'M046', 0),
('B026', 'M046', 2),
('B027', 'M046', 4),
('B028', 'M046', 4),
('B029', 'M046', 2),
('B030', 'M046', 2),
('B031', 'M046', 4),
('B032', 'M046', 2),
('B033', 'M046', 2),
('B034', 'M046', 2),
('B035', 'M046', 2),
('B036', 'M046', 4),
('B037', 'M046', 4),
('B038', 'M046', 2),
('B039', 'M046', 4),
('B040', 'M046', 4),
('B041', 'M046', 4),
('B042', 'M046', 4),
('B043', 'M046', 2),
('B044', 'M046', 4),
('B045', 'M046', 4),
('B046', 'M046', 2),
('B047', 'M046', 2),
('B048', 'M046', 2),
('B049', 'M046', 2),
('B050', 'M046', 2),
('B051', 'M046', 2),
('B052', 'M046', 2),
('B053', 'M046', 0),
('B054', 'M046', 2),
('B055', 'M046', 2),
('B056', 'M046', 4),
('B057', 'M046', 4),
('B058', 'M046', 2),
('B059', 'M046', 2),
('B060', 'M046', 0),
('B061', 'M046', 4),
('B062', 'M046', 2),
('B063', 'M046', 2),
('B064', 'M046', 0),
('B065', 'M046', 2),
('B066', 'M046', 2),
('B067', 'M046', 2),
('B068', 'M046', 2),
('B069', 'M046', 2),
('B070', 'M046', 2),
('B071', 'M046', 2),
('B072', 'M046', 3),
('B073', 'M046', 2),
('B074', 'M046', 2),
('B075', 'M046', 2),
('B076', 'M046', 2),
('B077', 'M046', 2),
('B078', 'M046', 2),
('B079', 'M046', 2),
('B080', 'M046', 2),
('B081', 'M046', 0),
('B082', 'M046', 0),
('B083', 'M046', 0),
('B084', 'M046', 2),
('B085', 'M046', 0),
('B086', 'M046', 4),
('B087', 'M046', 4),
('B001', 'M047', 2),
('B002', 'M047', 2),
('B003', 'M047', 2),
('B004', 'M047', 2),
('B005', 'M047', 4),
('B006', 'M047', 2),
('B007', 'M047', 2),
('B008', 'M047', 4),
('B009', 'M047', 2),
('B010', 'M047', 2),
('B011', 'M047', 4),
('B012', 'M047', 4),
('B013', 'M047', 4),
('B014', 'M047', 4),
('B015', 'M047', 4),
('B016', 'M047', 4),
('B017', 'M047', 4),
('B018', 'M047', 4),
('B019', 'M047', 4),
('B020', 'M047', 4),
('B021', 'M047', 0),
('B022', 'M047', 2),
('B023', 'M047', 2),
('B024', 'M047', 2),
('B025', 'M047', 0),
('B026', 'M047', 2),
('B027', 'M047', 4),
('B028', 'M047', 4),
('B029', 'M047', 2),
('B030', 'M047', 2),
('B031', 'M047', 4),
('B032', 'M047', 2),
('B033', 'M047', 2),
('B034', 'M047', 2),
('B035', 'M047', 2),
('B036', 'M047', 4),
('B037', 'M047', 4),
('B038', 'M047', 2),
('B039', 'M047', 4),
('B040', 'M047', 4),
('B041', 'M047', 4),
('B042', 'M047', 4),
('B043', 'M047', 2),
('B044', 'M047', 4),
('B045', 'M047', 0),
('B046', 'M047', 2),
('B047', 'M047', 2),
('B048', 'M047', 2),
('B049', 'M047', 2),
('B050', 'M047', 2),
('B051', 'M047', 2),
('B052', 'M047', 2),
('B053', 'M047', 0),
('B054', 'M047', 2),
('B055', 'M047', 2),
('B056', 'M047', 4),
('B057', 'M047', 4),
('B058', 'M047', 2),
('B059', 'M047', 2),
('B060', 'M047', 0),
('B061', 'M047', 4),
('B062', 'M047', 4),
('B063', 'M047', 0),
('B064', 'M047', 4),
('B065', 'M047', 2),
('B066', 'M047', 2),
('B067', 'M047', 2),
('B068', 'M047', 2),
('B069', 'M047', 2),
('B070', 'M047', 2),
('B071', 'M047', 2),
('B072', 'M047', 2),
('B073', 'M047', 2),
('B074', 'M047', 2),
('B075', 'M047', 2),
('B076', 'M047', 2),
('B077', 'M047', 2),
('B078', 'M047', 2),
('B079', 'M047', 2),
('B080', 'M047', 2),
('B081', 'M047', 0),
('B082', 'M047', 0),
('B083', 'M047', 0),
('B084', 'M047', 2),
('B085', 'M047', 0),
('B086', 'M047', 0),
('B087', 'M047', 4),
('B001', 'M048', 2),
('B002', 'M048', 2),
('B003', 'M048', 2),
('B004', 'M048', 2),
('B005', 'M048', 4),
('B006', 'M048', 2),
('B007', 'M048', 2),
('B008', 'M048', 4),
('B009', 'M048', 2),
('B010', 'M048', 2),
('B011', 'M048', 4),
('B012', 'M048', 4),
('B013', 'M048', 4),
('B014', 'M048', 4),
('B015', 'M048', 4),
('B016', 'M048', 4),
('B017', 'M048', 4),
('B018', 'M048', 4),
('B019', 'M048', 4),
('B020', 'M048', 4),
('B021', 'M048', 0),
('B022', 'M048', 2),
('B023', 'M048', 2),
('B024', 'M048', 2),
('B025', 'M048', 0),
('B026', 'M048', 2),
('B027', 'M048', 4),
('B028', 'M048', 4),
('B029', 'M048', 2),
('B030', 'M048', 2),
('B031', 'M048', 4),
('B032', 'M048', 2),
('B033', 'M048', 2),
('B034', 'M048', 2),
('B035', 'M048', 2),
('B036', 'M048', 4),
('B037', 'M048', 4),
('B038', 'M048', 2),
('B039', 'M048', 4),
('B040', 'M048', 0),
('B041', 'M048', 0),
('B042', 'M048', 4),
('B043', 'M048', 2),
('B044', 'M048', 4),
('B045', 'M048', 0),
('B046', 'M048', 2),
('B047', 'M048', 2),
('B048', 'M048', 2),
('B049', 'M048', 2),
('B050', 'M048', 2),
('B051', 'M048', 2),
('B052', 'M048', 2),
('B053', 'M048', 0),
('B054', 'M048', 2),
('B055', 'M048', 2),
('B056', 'M048', 4),
('B057', 'M048', 4),
('B058', 'M048', 2),
('B059', 'M048', 2),
('B060', 'M048', 0),
('B061', 'M048', 4),
('B062', 'M048', 2),
('B063', 'M048', 2),
('B064', 'M048', 4),
('B065', 'M048', 2),
('B066', 'M048', 2),
('B067', 'M048', 2),
('B068', 'M048', 2),
('B069', 'M048', 2),
('B070', 'M048', 2),
('B071', 'M048', 2),
('B072', 'M048', 2),
('B073', 'M048', 2),
('B074', 'M048', 2),
('B075', 'M048', 2),
('B076', 'M048', 2),
('B077', 'M048', 2),
('B078', 'M048', 2),
('B079', 'M048', 2),
('B080', 'M048', 2),
('B081', 'M048', 0),
('B082', 'M048', 0),
('B083', 'M048', 0),
('B084', 'M048', 2),
('B085', 'M048', 0),
('B086', 'M048', 0),
('B087', 'M048', 0),
('B001', 'M049', 2),
('B002', 'M049', 2),
('B003', 'M049', 2),
('B004', 'M049', 2),
('B005', 'M049', 4),
('B006', 'M049', 2),
('B007', 'M049', 2),
('B008', 'M049', 4),
('B009', 'M049', 2),
('B010', 'M049', 2),
('B011', 'M049', 4),
('B012', 'M049', 4),
('B013', 'M049', 4),
('B014', 'M049', 4),
('B015', 'M049', 4),
('B016', 'M049', 4),
('B017', 'M049', 4),
('B018', 'M049', 4),
('B019', 'M049', 4),
('B020', 'M049', 0),
('B021', 'M049', 0),
('B022', 'M049', 2),
('B023', 'M049', 2),
('B024', 'M049', 2),
('B025', 'M049', 0),
('B026', 'M049', 2),
('B027', 'M049', 0),
('B028', 'M049', 0),
('B029', 'M049', 2),
('B030', 'M049', 2),
('B031', 'M049', 0),
('B032', 'M049', 2),
('B033', 'M049', 2),
('B034', 'M049', 2),
('B035', 'M049', 2),
('B036', 'M049', 0),
('B037', 'M049', 0),
('B038', 'M049', 2),
('B039', 'M049', 0),
('B040', 'M049', 0),
('B041', 'M049', 0),
('B042', 'M049', 0),
('B043', 'M049', 2),
('B044', 'M049', 0),
('B045', 'M049', 0),
('B046', 'M049', 2),
('B047', 'M049', 2),
('B048', 'M049', 2),
('B049', 'M049', 2),
('B050', 'M049', 2),
('B051', 'M049', 2),
('B052', 'M049', 2),
('B053', 'M049', 0),
('B054', 'M049', 2),
('B055', 'M049', 2),
('B056', 'M049', 4),
('B057', 'M049', 4),
('B058', 'M049', 2),
('B059', 'M049', 2),
('B060', 'M049', 0),
('B061', 'M049', 4),
('B062', 'M049', 2),
('B063', 'M049', 2),
('B064', 'M049', 0),
('B065', 'M049', 2),
('B066', 'M049', 2),
('B067', 'M049', 2),
('B068', 'M049', 2),
('B069', 'M049', 2),
('B070', 'M049', 2),
('B071', 'M049', 2),
('B072', 'M049', 2),
('B073', 'M049', 2),
('B074', 'M049', 2),
('B075', 'M049', 2),
('B076', 'M049', 2),
('B077', 'M049', 2),
('B078', 'M049', 2),
('B079', 'M049', 2),
('B080', 'M049', 2),
('B081', 'M049', 0),
('B082', 'M049', 0),
('B083', 'M049', 0),
('B084', 'M049', 2),
('B085', 'M049', 0),
('B086', 'M049', 0),
('B087', 'M049', 0),
('B001', 'M050', 3),
('B002', 'M050', 3),
('B003', 'M050', 3),
('B004', 'M050', 3),
('B005', 'M050', 3),
('B006', 'M050', 3),
('B007', 'M050', 3),
('B008', 'M050', 3),
('B009', 'M050', 3),
('B010', 'M050', 3),
('B011', 'M050', 3),
('B012', 'M050', 3),
('B013', 'M050', 2),
('B014', 'M050', 3),
('B015', 'M050', 3),
('B016', 'M050', 3),
('B017', 'M050', 3),
('B018', 'M050', 2),
('B019', 'M050', 3),
('B020', 'M050', 0),
('B021', 'M050', 2),
('B022', 'M050', 2),
('B023', 'M050', 3),
('B024', 'M050', 2),
('B025', 'M050', 4),
('B026', 'M050', 4),
('B027', 'M050', 4),
('B028', 'M050', 4),
('B029', 'M050', 4),
('B030', 'M050', 4),
('B031', 'M050', 4),
('B032', 'M050', 3),
('B033', 'M050', 3),
('B034', 'M050', 3),
('B035', 'M050', 3),
('B036', 'M050', 4),
('B037', 'M050', 4),
('B038', 'M050', 4),
('B039', 'M050', 4),
('B040', 'M050', 4),
('B041', 'M050', 3),
('B042', 'M050', 4),
('B043', 'M050', 4),
('B044', 'M050', 4),
('B045', 'M050', 4),
('B046', 'M050', 5),
('B047', 'M050', 2),
('B048', 'M050', 2),
('B049', 'M050', 4),
('B050', 'M050', 3),
('B051', 'M050', 2),
('B052', 'M050', 2),
('B053', 'M050', 3),
('B054', 'M050', 5),
('B055', 'M050', 2),
('B056', 'M050', 2),
('B057', 'M050', 4),
('B058', 'M050', 4),
('B059', 'M050', 2),
('B060', 'M050', 2),
('B061', 'M050', 2),
('B062', 'M050', 2),
('B063', 'M050', 2),
('B064', 'M050', 3),
('B065', 'M050', 2),
('B066', 'M050', 2),
('B067', 'M050', 2),
('B068', 'M050', 0),
('B069', 'M050', 0),
('B070', 'M050', 4),
('B071', 'M050', 2),
('B072', 'M050', 2),
('B073', 'M050', 4),
('B074', 'M050', 2),
('B075', 'M050', 2),
('B076', 'M050', 2),
('B077', 'M050', 2),
('B078', 'M050', 2),
('B079', 'M050', 2),
('B080', 'M050', 2),
('B081', 'M050', 2),
('B082', 'M050', 2),
('B083', 'M050', 2),
('B084', 'M050', 2),
('B085', 'M050', 2),
('B086', 'M050', 4),
('B087', 'M050', 2),
('B001', 'M051', 2),
('B002', 'M051', 2),
('B003', 'M051', 2),
('B004', 'M051', 2),
('B005', 'M051', 0),
('B006', 'M051', 0),
('B007', 'M051', 0),
('B008', 'M051', 0),
('B009', 'M051', 0),
('B010', 'M051', 0),
('B011', 'M051', 0),
('B012', 'M051', 0),
('B013', 'M051', 2),
('B014', 'M051', 0),
('B015', 'M051', 2),
('B016', 'M051', 2),
('B017', 'M051', 2),
('B018', 'M051', 2),
('B019', 'M051', 2),
('B020', 'M051', 0),
('B021', 'M051', 2),
('B022', 'M051', 2),
('B023', 'M051', 0),
('B024', 'M051', 2),
('B025', 'M051', 4),
('B026', 'M051', 4),
('B027', 'M051', 4),
('B028', 'M051', 4),
('B029', 'M051', 4),
('B030', 'M051', 4),
('B031', 'M051', 4),
('B032', 'M051', 3),
('B033', 'M051', 3),
('B034', 'M051', 3),
('B035', 'M051', 3),
('B036', 'M051', 4),
('B037', 'M051', 4),
('B038', 'M051', 4),
('B039', 'M051', 4),
('B040', 'M051', 4),
('B041', 'M051', 3),
('B042', 'M051', 4),
('B043', 'M051', 4),
('B044', 'M051', 4),
('B045', 'M051', 4),
('B046', 'M051', 2),
('B047', 'M051', 2),
('B048', 'M051', 2),
('B049', 'M051', 0),
('B050', 'M051', 3),
('B051', 'M051', 2),
('B052', 'M051', 2),
('B053', 'M051', 2),
('B054', 'M051', 4),
('B055', 'M051', 2),
('B056', 'M051', 2),
('B057', 'M051', 2),
('B058', 'M051', 0),
('B059', 'M051', 2),
('B060', 'M051', 2),
('B061', 'M051', 2),
('B062', 'M051', 2),
('B063', 'M051', 2),
('B064', 'M051', 3),
('B065', 'M051', 2),
('B066', 'M051', 2),
('B067', 'M051', 2),
('B068', 'M051', 0),
('B069', 'M051', 0),
('B070', 'M051', 0),
('B071', 'M051', 2),
('B072', 'M051', 2),
('B073', 'M051', 4),
('B074', 'M051', 2),
('B075', 'M051', 2),
('B076', 'M051', 2),
('B077', 'M051', 2),
('B078', 'M051', 2),
('B079', 'M051', 2),
('B080', 'M051', 2),
('B081', 'M051', 2),
('B082', 'M051', 2),
('B083', 'M051', 2),
('B084', 'M051', 2),
('B085', 'M051', 2),
('B086', 'M051', 0),
('B087', 'M051', 2),
('B001', 'M052', 2),
('B002', 'M052', 2),
('B003', 'M052', 2),
('B004', 'M052', 1),
('B005', 'M052', 0),
('B006', 'M052', 0),
('B007', 'M052', 0),
('B008', 'M052', 0),
('B009', 'M052', 0),
('B010', 'M052', 0),
('B011', 'M052', 0),
('B012', 'M052', 0),
('B013', 'M052', 2),
('B014', 'M052', 0),
('B015', 'M052', 2),
('B016', 'M052', 2),
('B017', 'M052', 2),
('B018', 'M052', 2),
('B019', 'M052', 2),
('B020', 'M052', 0),
('B021', 'M052', 2),
('B022', 'M052', 2),
('B023', 'M052', 0),
('B024', 'M052', 5),
('B025', 'M052', 4),
('B026', 'M052', 4),
('B027', 'M052', 4),
('B028', 'M052', 4),
('B029', 'M052', 4),
('B030', 'M052', 4),
('B031', 'M052', 4),
('B032', 'M052', 3),
('B033', 'M052', 3),
('B034', 'M052', 3),
('B035', 'M052', 3),
('B036', 'M052', 4),
('B037', 'M052', 4),
('B038', 'M052', 4),
('B039', 'M052', 4),
('B040', 'M052', 4),
('B041', 'M052', 4),
('B042', 'M052', 4),
('B043', 'M052', 4),
('B044', 'M052', 4),
('B045', 'M052', 4),
('B046', 'M052', 2),
('B047', 'M052', 2),
('B048', 'M052', 2),
('B049', 'M052', 0),
('B050', 'M052', 3),
('B051', 'M052', 2),
('B052', 'M052', 2),
('B053', 'M052', 2),
('B054', 'M052', 0),
('B055', 'M052', 2),
('B056', 'M052', 2),
('B057', 'M052', 2),
('B058', 'M052', 0),
('B059', 'M052', 2),
('B060', 'M052', 2),
('B061', 'M052', 2),
('B062', 'M052', 2),
('B063', 'M052', 2),
('B064', 'M052', 3),
('B065', 'M052', 2),
('B066', 'M052', 2),
('B067', 'M052', 2),
('B068', 'M052', 0),
('B069', 'M052', 0),
('B070', 'M052', 0),
('B071', 'M052', 3),
('B072', 'M052', 2),
('B073', 'M052', 4),
('B074', 'M052', 2),
('B075', 'M052', 2),
('B076', 'M052', 2),
('B077', 'M052', 2),
('B078', 'M052', 2),
('B079', 'M052', 2),
('B080', 'M052', 2),
('B081', 'M052', 2),
('B082', 'M052', 2),
('B083', 'M052', 2),
('B084', 'M052', 2),
('B085', 'M052', 2),
('B086', 'M052', 0),
('B087', 'M052', 2),
('B001', 'M053', 3),
('B002', 'M053', 3),
('B003', 'M053', 3),
('B004', 'M053', 3),
('B005', 'M053', 4),
('B006', 'M053', 4),
('B007', 'M053', 4),
('B008', 'M053', 4),
('B009', 'M053', 4),
('B010', 'M053', 4),
('B011', 'M053', 4),
('B012', 'M053', 4),
('B013', 'M053', 4),
('B014', 'M053', 4),
('B015', 'M053', 4),
('B016', 'M053', 4),
('B017', 'M053', 4),
('B018', 'M053', 4),
('B019', 'M053', 4),
('B020', 'M053', 0),
('B021', 'M053', 2),
('B022', 'M053', 2),
('B023', 'M053', 2),
('B024', 'M053', 2),
('B025', 'M053', 4),
('B026', 'M053', 0),
('B027', 'M053', 0),
('B028', 'M053', 0),
('B029', 'M053', 2),
('B030', 'M053', 2),
('B031', 'M053', 4),
('B032', 'M053', 3),
('B033', 'M053', 2),
('B034', 'M053', 2),
('B035', 'M053', 2),
('B036', 'M053', 4),
('B037', 'M053', 4),
('B038', 'M053', 0),
('B039', 'M053', 0),
('B040', 'M053', 3),
('B041', 'M053', 0),
('B042', 'M053', 4),
('B043', 'M053', 2),
('B044', 'M053', 4),
('B045', 'M053', 2),
('B046', 'M053', 2),
('B047', 'M053', 2),
('B048', 'M053', 2),
('B049', 'M053', 4),
('B050', 'M053', 4),
('B051', 'M053', 4),
('B052', 'M053', 3),
('B053', 'M053', 4),
('B054', 'M053', 4),
('B055', 'M053', 2),
('B056', 'M053', 4),
('B057', 'M053', 4),
('B058', 'M053', 4),
('B059', 'M053', 2),
('B060', 'M053', 4),
('B061', 'M053', 2),
('B062', 'M053', 2),
('B063', 'M053', 4),
('B064', 'M053', 0),
('B065', 'M053', 4),
('B066', 'M053', 2),
('B067', 'M053', 2),
('B068', 'M053', 4),
('B069', 'M053', 4),
('B070', 'M053', 4),
('B071', 'M053', 2),
('B072', 'M053', 3),
('B073', 'M053', 2),
('B074', 'M053', 4),
('B075', 'M053', 2),
('B076', 'M053', 4),
('B077', 'M053', 2),
('B078', 'M053', 2),
('B079', 'M053', 2),
('B080', 'M053', 4),
('B081', 'M053', 4),
('B082', 'M053', 4),
('B083', 'M053', 4),
('B084', 'M053', 2),
('B085', 'M053', 4),
('B086', 'M053', 4),
('B087', 'M053', 4),
('B001', 'M054', 2),
('B002', 'M054', 2),
('B003', 'M054', 2),
('B004', 'M054', 2),
('B005', 'M054', 4),
('B006', 'M054', 3),
('B007', 'M054', 4),
('B008', 'M054', 4),
('B009', 'M054', 3),
('B010', 'M054', 3),
('B011', 'M054', 4),
('B012', 'M054', 4),
('B013', 'M054', 4),
('B014', 'M054', 4),
('B015', 'M054', 4),
('B016', 'M054', 4),
('B017', 'M054', 4),
('B018', 'M054', 4),
('B019', 'M054', 3),
('B020', 'M054', 5),
('B021', 'M054', 4),
('B022', 'M054', 2),
('B023', 'M054', 2),
('B024', 'M054', 2),
('B025', 'M054', 2),
('B026', 'M054', 0),
('B027', 'M054', 2),
('B028', 'M054', 2),
('B029', 'M054', 2),
('B030', 'M054', 2),
('B031', 'M054', 2),
('B032', 'M054', 2),
('B033', 'M054', 2),
('B034', 'M054', 2),
('B035', 'M054', 2),
('B036', 'M054', 2),
('B037', 'M054', 2),
('B038', 'M054', 2),
('B039', 'M054', 2),
('B040', 'M054', 2),
('B041', 'M054', 2),
('B042', 'M054', 2),
('B043', 'M054', 2),
('B044', 'M054', 2),
('B045', 'M054', 2),
('B046', 'M054', 2),
('B047', 'M054', 2),
('B048', 'M054', 2),
('B049', 'M054', 2),
('B050', 'M054', 5),
('B051', 'M054', 2),
('B052', 'M054', 2),
('B053', 'M054', 2),
('B054', 'M054', 0),
('B055', 'M054', 2),
('B056', 'M054', 2),
('B057', 'M054', 2),
('B058', 'M054', 2),
('B059', 'M054', 2),
('B060', 'M054', 2),
('B061', 'M054', 2),
('B062', 'M054', 2),
('B063', 'M054', 2),
('B064', 'M054', 2),
('B065', 'M054', 2),
('B066', 'M054', 2),
('B067', 'M054', 2),
('B068', 'M054', 0),
('B069', 'M054', 2),
('B070', 'M054', 2),
('B071', 'M054', 2),
('B072', 'M054', 2),
('B073', 'M054', 2),
('B074', 'M054', 2),
('B075', 'M054', 2),
('B076', 'M054', 2),
('B077', 'M054', 2),
('B078', 'M054', 2),
('B079', 'M054', 2),
('B080', 'M054', 3),
('B081', 'M054', 4),
('B082', 'M054', 4),
('B083', 'M054', 5),
('B084', 'M054', 2),
('B085', 'M054', 4),
('B086', 'M054', 3),
('B087', 'M054', 4),
('B001', 'M055', 2),
('B002', 'M055', 2),
('B003', 'M055', 2),
('B004', 'M055', 2),
('B005', 'M055', 3),
('B006', 'M055', 2),
('B007', 'M055', 2),
('B008', 'M055', 3),
('B009', 'M055', 2),
('B010', 'M055', 2),
('B011', 'M055', 4),
('B012', 'M055', 4),
('B013', 'M055', 3),
('B014', 'M055', 3),
('B015', 'M055', 3),
('B016', 'M055', 3),
('B017', 'M055', 3),
('B018', 'M055', 3),
('B019', 'M055', 3),
('B020', 'M055', 5),
('B021', 'M055', 5),
('B022', 'M055', 2),
('B023', 'M055', 2),
('B024', 'M055', 2),
('B025', 'M055', 2),
('B026', 'M055', 5),
('B027', 'M055', 2),
('B028', 'M055', 2),
('B029', 'M055', 2),
('B030', 'M055', 2),
('B031', 'M055', 2),
('B032', 'M055', 2),
('B033', 'M055', 2),
('B034', 'M055', 2),
('B035', 'M055', 2),
('B036', 'M055', 2),
('B037', 'M055', 2),
('B038', 'M055', 2),
('B039', 'M055', 2),
('B040', 'M055', 2),
('B041', 'M055', 2),
('B042', 'M055', 2),
('B043', 'M055', 2),
('B044', 'M055', 2),
('B045', 'M055', 2),
('B046', 'M055', 4),
('B047', 'M055', 4),
('B048', 'M055', 4),
('B049', 'M055', 2),
('B050', 'M055', 0),
('B051', 'M055', 4),
('B052', 'M055', 2),
('B053', 'M055', 2),
('B054', 'M055', 2),
('B055', 'M055', 5),
('B056', 'M055', 2),
('B057', 'M055', 2),
('B058', 'M055', 5),
('B059', 'M055', 5),
('B060', 'M055', 4),
('B061', 'M055', 4),
('B062', 'M055', 2),
('B063', 'M055', 2),
('B064', 'M055', 2),
('B065', 'M055', 2),
('B066', 'M055', 2),
('B067', 'M055', 4),
('B068', 'M055', 0),
('B069', 'M055', 2),
('B070', 'M055', 2),
('B071', 'M055', 2),
('B072', 'M055', 2),
('B073', 'M055', 2),
('B074', 'M055', 2),
('B075', 'M055', 4),
('B076', 'M055', 4),
('B077', 'M055', 0),
('B078', 'M055', 3),
('B079', 'M055', 5),
('B080', 'M055', 2),
('B081', 'M055', 2),
('B082', 'M055', 3),
('B083', 'M055', 5),
('B084', 'M055', 2),
('B085', 'M055', 4),
('B086', 'M055', 3),
('B087', 'M055', 3),
('B001', 'M056', 2),
('B002', 'M056', 2),
('B003', 'M056', 2),
('B004', 'M056', 2),
('B005', 'M056', 3),
('B006', 'M056', 2),
('B007', 'M056', 2),
('B008', 'M056', 3),
('B009', 'M056', 2),
('B010', 'M056', 2),
('B011', 'M056', 4),
('B012', 'M056', 4),
('B013', 'M056', 3),
('B014', 'M056', 3),
('B015', 'M056', 3),
('B016', 'M056', 3),
('B017', 'M056', 3),
('B018', 'M056', 3),
('B019', 'M056', 3),
('B020', 'M056', 5),
('B021', 'M056', 4),
('B022', 'M056', 2),
('B023', 'M056', 2),
('B024', 'M056', 0),
('B025', 'M056', 2),
('B026', 'M056', 5),
('B027', 'M056', 2),
('B028', 'M056', 2),
('B029', 'M056', 2),
('B030', 'M056', 2),
('B031', 'M056', 3),
('B032', 'M056', 2),
('B033', 'M056', 2),
('B034', 'M056', 2),
('B035', 'M056', 2),
('B036', 'M056', 2),
('B037', 'M056', 2),
('B038', 'M056', 2),
('B039', 'M056', 2),
('B040', 'M056', 2),
('B041', 'M056', 2),
('B042', 'M056', 4),
('B043', 'M056', 2),
('B044', 'M056', 4),
('B045', 'M056', 2),
('B046', 'M056', 5),
('B047', 'M056', 5),
('B048', 'M056', 4),
('B049', 'M056', 2),
('B050', 'M056', 0),
('B051', 'M056', 4),
('B052', 'M056', 2),
('B053', 'M056', 2),
('B054', 'M056', 0),
('B055', 'M056', 5),
('B056', 'M056', 4),
('B057', 'M056', 0),
('B058', 'M056', 5),
('B059', 'M056', 5),
('B060', 'M056', 5),
('B061', 'M056', 4),
('B062', 'M056', 4),
('B063', 'M056', 2),
('B064', 'M056', 4),
('B065', 'M056', 2),
('B066', 'M056', 4),
('B067', 'M056', 4),
('B068', 'M056', 4),
('B069', 'M056', 0),
('B070', 'M056', 2),
('B071', 'M056', 2),
('B072', 'M056', 2),
('B073', 'M056', 2),
('B074', 'M056', 2),
('B075', 'M056', 5),
('B076', 'M056', 4),
('B077', 'M056', 5),
('B078', 'M056', 3),
('B079', 'M056', 5),
('B080', 'M056', 2),
('B081', 'M056', 2),
('B082', 'M056', 3),
('B083', 'M056', 4),
('B084', 'M056', 2),
('B085', 'M056', 4),
('B086', 'M056', 3),
('B087', 'M056', 3),
('B001', 'M057', 2),
('B002', 'M057', 2),
('B003', 'M057', 2),
('B004', 'M057', 2),
('B005', 'M057', 3),
('B006', 'M057', 2),
('B007', 'M057', 2),
('B008', 'M057', 3),
('B009', 'M057', 2),
('B010', 'M057', 2),
('B011', 'M057', 4),
('B012', 'M057', 4),
('B013', 'M057', 3),
('B014', 'M057', 3),
('B015', 'M057', 3),
('B016', 'M057', 3),
('B017', 'M057', 3),
('B018', 'M057', 3),
('B019', 'M057', 3),
('B020', 'M057', 5),
('B021', 'M057', 4),
('B022', 'M057', 2),
('B023', 'M057', 2),
('B024', 'M057', 0),
('B025', 'M057', 2),
('B026', 'M057', 4),
('B027', 'M057', 2),
('B028', 'M057', 2),
('B029', 'M057', 2),
('B030', 'M057', 2),
('B031', 'M057', 2),
('B032', 'M057', 2),
('B033', 'M057', 2),
('B034', 'M057', 2),
('B035', 'M057', 2),
('B036', 'M057', 2),
('B037', 'M057', 2),
('B038', 'M057', 2),
('B039', 'M057', 2),
('B040', 'M057', 2),
('B041', 'M057', 2),
('B042', 'M057', 2),
('B043', 'M057', 2),
('B044', 'M057', 2),
('B045', 'M057', 2),
('B046', 'M057', 5),
('B047', 'M057', 5),
('B048', 'M057', 4),
('B049', 'M057', 2),
('B050', 'M057', 0),
('B051', 'M057', 4),
('B052', 'M057', 2),
('B053', 'M057', 2),
('B054', 'M057', 0),
('B055', 'M057', 0),
('B056', 'M057', 4),
('B057', 'M057', 0),
('B058', 'M057', 4),
('B059', 'M057', 5),
('B060', 'M057', 4),
('B061', 'M057', 4),
('B062', 'M057', 2),
('B063', 'M057', 2),
('B064', 'M057', 2),
('B065', 'M057', 3),
('B066', 'M057', 2),
('B067', 'M057', 0),
('B068', 'M057', 2),
('B069', 'M057', 2),
('B070', 'M057', 2),
('B071', 'M057', 2),
('B072', 'M057', 2),
('B073', 'M057', 2),
('B074', 'M057', 2),
('B075', 'M057', 4),
('B076', 'M057', 4),
('B077', 'M057', 0),
('B078', 'M057', 3),
('B079', 'M057', 4),
('B080', 'M057', 2),
('B081', 'M057', 2),
('B082', 'M057', 3),
('B083', 'M057', 4),
('B084', 'M057', 2),
('B085', 'M057', 4),
('B086', 'M057', 3),
('B087', 'M057', 3),
('B001', 'M058', 2),
('B002', 'M058', 2),
('B003', 'M058', 2),
('B004', 'M058', 2),
('B005', 'M058', 4),
('B006', 'M058', 3),
('B007', 'M058', 3),
('B008', 'M058', 4),
('B009', 'M058', 3),
('B010', 'M058', 3),
('B011', 'M058', 4),
('B012', 'M058', 4),
('B013', 'M058', 0),
('B014', 'M058', 4),
('B015', 'M058', 4),
('B016', 'M058', 4),
('B017', 'M058', 4),
('B018', 'M058', 4),
('B019', 'M058', 4),
('B020', 'M058', 4),
('B021', 'M058', 0),
('B022', 'M058', 2),
('B023', 'M058', 2),
('B024', 'M058', 0),
('B025', 'M058', 2),
('B026', 'M058', 2),
('B027', 'M058', 2),
('B028', 'M058', 2),
('B029', 'M058', 2),
('B030', 'M058', 2),
('B031', 'M058', 2),
('B032', 'M058', 2),
('B033', 'M058', 2),
('B034', 'M058', 2),
('B035', 'M058', 2),
('B036', 'M058', 2),
('B037', 'M058', 2),
('B038', 'M058', 2),
('B039', 'M058', 2),
('B040', 'M058', 2),
('B041', 'M058', 2),
('B042', 'M058', 2),
('B043', 'M058', 2),
('B044', 'M058', 2),
('B045', 'M058', 2),
('B046', 'M058', 0),
('B047', 'M058', 0),
('B048', 'M058', 0),
('B049', 'M058', 2),
('B050', 'M058', 0),
('B051', 'M058', 0),
('B052', 'M058', 2),
('B053', 'M058', 2),
('B054', 'M058', 0),
('B055', 'M058', 0),
('B056', 'M058', 4),
('B057', 'M058', 0),
('B058', 'M058', 2),
('B059', 'M058', 4),
('B060', 'M058', 0),
('B061', 'M058', 4),
('B062', 'M058', 2),
('B063', 'M058', 2),
('B064', 'M058', 2),
('B065', 'M058', 2),
('B066', 'M058', 2),
('B067', 'M058', 0),
('B068', 'M058', 2),
('B069', 'M058', 2),
('B070', 'M058', 2),
('B071', 'M058', 2),
('B072', 'M058', 2),
('B073', 'M058', 2),
('B074', 'M058', 2),
('B075', 'M058', 0),
('B076', 'M058', 4),
('B077', 'M058', 2),
('B078', 'M058', 3),
('B079', 'M058', 0),
('B080', 'M058', 2),
('B081', 'M058', 2),
('B082', 'M058', 2),
('B083', 'M058', 0),
('B084', 'M058', 2),
('B085', 'M058', 0),
('B086', 'M058', 0),
('B087', 'M058', 0),
('B001', 'M059', 3),
('B002', 'M059', 3),
('B003', 'M059', 3),
('B004', 'M059', 3),
('B005', 'M059', 4),
('B006', 'M059', 4),
('B007', 'M059', 4),
('B008', 'M059', 4),
('B009', 'M059', 3),
('B010', 'M059', 3),
('B011', 'M059', 4),
('B012', 'M059', 4),
('B013', 'M059', 4),
('B014', 'M059', 3),
('B015', 'M059', 0),
('B016', 'M059', 0),
('B017', 'M059', 0),
('B018', 'M059', 3),
('B019', 'M059', 3),
('B020', 'M059', 5),
('B021', 'M059', 0),
('B022', 'M059', 0),
('B023', 'M059', 2),
('B024', 'M059', 0),
('B025', 'M059', 4),
('B026', 'M059', 3),
('B027', 'M059', 2),
('B028', 'M059', 2),
('B029', 'M059', 2),
('B030', 'M059', 2),
('B031', 'M059', 3),
('B032', 'M059', 2),
('B033', 'M059', 2),
('B034', 'M059', 2),
('B035', 'M059', 2),
('B036', 'M059', 2),
('B037', 'M059', 2),
('B038', 'M059', 2),
('B039', 'M059', 2),
('B040', 'M059', 2),
('B041', 'M059', 2),
('B042', 'M059', 3),
('B043', 'M059', 2),
('B044', 'M059', 3),
('B045', 'M059', 4),
('B046', 'M059', 5),
('B047', 'M059', 0),
('B048', 'M059', 5),
('B049', 'M059', 4),
('B050', 'M059', 4),
('B051', 'M059', 5),
('B052', 'M059', 5),
('B053', 'M059', 4),
('B054', 'M059', 5),
('B055', 'M059', 2),
('B056', 'M059', 4),
('B057', 'M059', 4),
('B058', 'M059', 5),
('B059', 'M059', 4),
('B060', 'M059', 5),
('B061', 'M059', 4),
('B062', 'M059', 3),
('B063', 'M059', 2),
('B064', 'M059', 4),
('B065', 'M059', 5),
('B066', 'M059', 4),
('B067', 'M059', 4),
('B068', 'M059', 4),
('B069', 'M059', 4),
('B070', 'M059', 4),
('B071', 'M059', 2),
('B072', 'M059', 2),
('B073', 'M059', 2),
('B074', 'M059', 4),
('B075', 'M059', 5),
('B076', 'M059', 5),
('B077', 'M059', 3),
('B078', 'M059', 5),
('B079', 'M059', 5),
('B080', 'M059', 3),
('B081', 'M059', 4),
('B082', 'M059', 4),
('B083', 'M059', 4),
('B084', 'M059', 2),
('B085', 'M059', 4),
('B086', 'M059', 4),
('B087', 'M059', 4),
('B001', 'M060', 3),
('B002', 'M060', 3),
('B003', 'M060', 3),
('B004', 'M060', 3),
('B005', 'M060', 4),
('B006', 'M060', 4),
('B007', 'M060', 4),
('B008', 'M060', 4),
('B009', 'M060', 3),
('B010', 'M060', 3),
('B011', 'M060', 4),
('B012', 'M060', 4),
('B013', 'M060', 4),
('B014', 'M060', 3),
('B015', 'M060', 0),
('B016', 'M060', 0),
('B017', 'M060', 0),
('B018', 'M060', 3),
('B019', 'M060', 3),
('B020', 'M060', 4),
('B021', 'M060', 0),
('B022', 'M060', 0),
('B023', 'M060', 2),
('B024', 'M060', 3),
('B025', 'M060', 4),
('B026', 'M060', 3),
('B027', 'M060', 2),
('B028', 'M060', 2),
('B029', 'M060', 2),
('B030', 'M060', 2),
('B031', 'M060', 3),
('B032', 'M060', 2),
('B033', 'M060', 2),
('B034', 'M060', 2),
('B035', 'M060', 2),
('B036', 'M060', 3),
('B037', 'M060', 3),
('B038', 'M060', 2),
('B039', 'M060', 3),
('B040', 'M060', 2),
('B041', 'M060', 2),
('B042', 'M060', 3),
('B043', 'M060', 2),
('B044', 'M060', 3),
('B045', 'M060', 0),
('B046', 'M060', 4),
('B047', 'M060', 0),
('B048', 'M060', 4),
('B049', 'M060', 4),
('B050', 'M060', 4),
('B051', 'M060', 4),
('B052', 'M060', 4),
('B053', 'M060', 4),
('B054', 'M060', 4),
('B055', 'M060', 2),
('B056', 'M060', 4),
('B057', 'M060', 4),
('B058', 'M060', 4),
('B059', 'M060', 4),
('B060', 'M060', 4),
('B061', 'M060', 4),
('B062', 'M060', 3),
('B063', 'M060', 2),
('B064', 'M060', 4),
('B065', 'M060', 4),
('B066', 'M060', 0),
('B067', 'M060', 4),
('B068', 'M060', 0),
('B069', 'M060', 4),
('B070', 'M060', 4),
('B071', 'M060', 3),
('B072', 'M060', 3),
('B073', 'M060', 2),
('B074', 'M060', 4),
('B075', 'M060', 4),
('B076', 'M060', 4),
('B077', 'M060', 3),
('B078', 'M060', 5),
('B079', 'M060', 4),
('B080', 'M060', 3),
('B081', 'M060', 4),
('B082', 'M060', 4),
('B083', 'M060', 4),
('B084', 'M060', 2),
('B085', 'M060', 4),
('B086', 'M060', 4),
('B087', 'M060', 4),
('B001', 'M061', 3),
('B002', 'M061', 3),
('B003', 'M061', 3),
('B004', 'M061', 3),
('B005', 'M061', 4),
('B006', 'M061', 3),
('B007', 'M061', 3),
('B008', 'M061', 4),
('B009', 'M061', 3),
('B010', 'M061', 3),
('B011', 'M061', 4),
('B012', 'M061', 4),
('B013', 'M061', 4),
('B014', 'M061', 3),
('B015', 'M061', 0),
('B016', 'M061', 0),
('B017', 'M061', 0),
('B018', 'M061', 3),
('B019', 'M061', 3),
('B020', 'M061', 4),
('B021', 'M061', 0),
('B022', 'M061', 0),
('B023', 'M061', 2),
('B024', 'M061', 2),
('B025', 'M061', 2),
('B026', 'M061', 3),
('B027', 'M061', 2),
('B028', 'M061', 2),
('B029', 'M061', 2),
('B030', 'M061', 2),
('B031', 'M061', 3),
('B032', 'M061', 2),
('B033', 'M061', 2),
('B034', 'M061', 2),
('B035', 'M061', 2),
('B036', 'M061', 2),
('B037', 'M061', 2),
('B038', 'M061', 2),
('B039', 'M061', 2),
('B040', 'M061', 2),
('B041', 'M061', 2),
('B042', 'M061', 2),
('B043', 'M061', 2),
('B044', 'M061', 2),
('B045', 'M061', 0),
('B046', 'M061', 4),
('B047', 'M061', 0),
('B048', 'M061', 4),
('B049', 'M061', 4),
('B050', 'M061', 4),
('B051', 'M061', 4),
('B052', 'M061', 4),
('B053', 'M061', 4),
('B054', 'M061', 4),
('B055', 'M061', 2),
('B056', 'M061', 4),
('B057', 'M061', 4),
('B058', 'M061', 4),
('B059', 'M061', 4),
('B060', 'M061', 4),
('B061', 'M061', 4),
('B062', 'M061', 3),
('B063', 'M061', 2),
('B064', 'M061', 4),
('B065', 'M061', 4),
('B066', 'M061', 4),
('B067', 'M061', 4),
('B068', 'M061', 4),
('B069', 'M061', 4),
('B070', 'M061', 4),
('B071', 'M061', 3),
('B072', 'M061', 3),
('B073', 'M061', 2),
('B074', 'M061', 2),
('B075', 'M061', 4),
('B076', 'M061', 4),
('B077', 'M061', 3),
('B078', 'M061', 5),
('B079', 'M061', 4),
('B080', 'M061', 3),
('B081', 'M061', 4),
('B082', 'M061', 4),
('B083', 'M061', 4),
('B084', 'M061', 2),
('B085', 'M061', 4),
('B086', 'M061', 4),
('B087', 'M061', 4),
('B001', 'M062', 4),
('B002', 'M062', 4),
('B003', 'M062', 3),
('B004', 'M062', 3),
('B005', 'M062', 4),
('B006', 'M062', 4),
('B007', 'M062', 4),
('B008', 'M062', 4),
('B009', 'M062', 4),
('B010', 'M062', 4),
('B011', 'M062', 4),
('B012', 'M062', 4),
('B013', 'M062', 4),
('B014', 'M062', 4),
('B015', 'M062', 4),
('B016', 'M062', 4),
('B017', 'M062', 4),
('B018', 'M062', 4),
('B019', 'M062', 4),
('B020', 'M062', 4),
('B021', 'M062', 2),
('B022', 'M062', 4),
('B023', 'M062', 2),
('B024', 'M062', 0),
('B025', 'M062', 4),
('B026', 'M062', 0),
('B027', 'M062', 4),
('B028', 'M062', 4),
('B029', 'M062', 4),
('B030', 'M062', 4),
('B031', 'M062', 4),
('B032', 'M062', 4),
('B033', 'M062', 4),
('B034', 'M062', 4),
('B035', 'M062', 4),
('B036', 'M062', 4),
('B037', 'M062', 4),
('B038', 'M062', 0),
('B039', 'M062', 4),
('B040', 'M062', 2),
('B041', 'M062', 0),
('B042', 'M062', 4),
('B043', 'M062', 4),
('B044', 'M062', 4),
('B045', 'M062', 0),
('B046', 'M062', 0),
('B047', 'M062', 2),
('B048', 'M062', 0),
('B049', 'M062', 0),
('B050', 'M062', 0),
('B051', 'M062', 0),
('B052', 'M062', 0),
('B053', 'M062', 0),
('B054', 'M062', 0),
('B055', 'M062', 2),
('B056', 'M062', 4),
('B057', 'M062', 4),
('B058', 'M062', 0),
('B059', 'M062', 4),
('B060', 'M062', 0),
('B061', 'M062', 0),
('B062', 'M062', 0),
('B063', 'M062', 2),
('B064', 'M062', 4),
('B065', 'M062', 0),
('B066', 'M062', 0),
('B067', 'M062', 0),
('B068', 'M062', 0),
('B069', 'M062', 0),
('B070', 'M062', 0),
('B071', 'M062', 4),
('B072', 'M062', 2),
('B073', 'M062', 2),
('B074', 'M062', 4),
('B075', 'M062', 2),
('B076', 'M062', 4),
('B077', 'M062', 0),
('B078', 'M062', 4),
('B079', 'M062', 0),
('B080', 'M062', 4),
('B081', 'M062', 4),
('B082', 'M062', 4),
('B083', 'M062', 0),
('B084', 'M062', 2),
('B085', 'M062', 4),
('B086', 'M062', 4),
('B087', 'M062', 4),
('B001', 'M063', 4),
('B002', 'M063', 4),
('B003', 'M063', 4),
('B004', 'M063', 4),
('B005', 'M063', 4),
('B006', 'M063', 5),
('B007', 'M063', 5),
('B008', 'M063', 4),
('B009', 'M063', 5),
('B010', 'M063', 5),
('B011', 'M063', 4),
('B012', 'M063', 4),
('B013', 'M063', 4),
('B014', 'M063', 2),
('B015', 'M063', 4),
('B016', 'M063', 4),
('B017', 'M063', 4),
('B018', 'M063', 3),
('B019', 'M063', 2),
('B020', 'M063', 4),
('B021', 'M063', 2),
('B022', 'M063', 4),
('B023', 'M063', 2),
('B024', 'M063', 2),
('B025', 'M063', 2),
('B026', 'M063', 2),
('B027', 'M063', 2),
('B028', 'M063', 2),
('B029', 'M063', 2),
('B030', 'M063', 2),
('B031', 'M063', 2),
('B032', 'M063', 2),
('B033', 'M063', 2),
('B034', 'M063', 2),
('B035', 'M063', 2),
('B036', 'M063', 2),
('B037', 'M063', 2),
('B038', 'M063', 2),
('B039', 'M063', 2),
('B040', 'M063', 2),
('B041', 'M063', 2),
('B042', 'M063', 2),
('B043', 'M063', 2),
('B044', 'M063', 2),
('B045', 'M063', 2),
('B046', 'M063', 2),
('B047', 'M063', 2),
('B048', 'M063', 2),
('B049', 'M063', 2),
('B050', 'M063', 2),
('B051', 'M063', 2),
('B052', 'M063', 2),
('B053', 'M063', 2),
('B054', 'M063', 2),
('B055', 'M063', 2),
('B056', 'M063', 2),
('B057', 'M063', 2),
('B058', 'M063', 2),
('B059', 'M063', 2),
('B060', 'M063', 2),
('B061', 'M063', 2),
('B062', 'M063', 2),
('B063', 'M063', 2),
('B064', 'M063', 2),
('B065', 'M063', 2),
('B066', 'M063', 2),
('B067', 'M063', 2),
('B068', 'M063', 2),
('B069', 'M063', 2),
('B070', 'M063', 2),
('B071', 'M063', 2),
('B072', 'M063', 2),
('B073', 'M063', 2),
('B074', 'M063', 2),
('B075', 'M063', 2),
('B076', 'M063', 2),
('B077', 'M063', 2),
('B078', 'M063', 2),
('B079', 'M063', 2),
('B080', 'M063', 2),
('B081', 'M063', 2),
('B082', 'M063', 2),
('B083', 'M063', 2),
('B084', 'M063', 2),
('B085', 'M063', 3),
('B086', 'M063', 4),
('B087', 'M063', 4),
('B001', 'M064', 5),
('B002', 'M064', 3),
('B003', 'M064', 2),
('B004', 'M064', 2),
('B005', 'M064', 4),
('B006', 'M064', 5),
('B007', 'M064', 5),
('B008', 'M064', 4),
('B009', 'M064', 5),
('B010', 'M064', 5),
('B011', 'M064', 4),
('B012', 'M064', 4),
('B013', 'M064', 4),
('B014', 'M064', 4),
('B015', 'M064', 4),
('B016', 'M064', 4),
('B017', 'M064', 4),
('B018', 'M064', 4),
('B019', 'M064', 5),
('B020', 'M064', 5),
('B021', 'M064', 2),
('B022', 'M064', 5),
('B023', 'M064', 2),
('B024', 'M064', 2),
('B025', 'M064', 2),
('B026', 'M064', 2),
('B027', 'M064', 2),
('B028', 'M064', 2),
('B029', 'M064', 2),
('B030', 'M064', 2),
('B031', 'M064', 2),
('B032', 'M064', 2),
('B033', 'M064', 2),
('B034', 'M064', 2),
('B035', 'M064', 2),
('B036', 'M064', 2),
('B037', 'M064', 2),
('B038', 'M064', 2),
('B039', 'M064', 2),
('B040', 'M064', 2),
('B041', 'M064', 2),
('B042', 'M064', 2),
('B043', 'M064', 2),
('B044', 'M064', 2),
('B045', 'M064', 2),
('B046', 'M064', 2),
('B047', 'M064', 2),
('B048', 'M064', 2),
('B049', 'M064', 2),
('B050', 'M064', 2),
('B051', 'M064', 2),
('B052', 'M064', 2),
('B053', 'M064', 2),
('B054', 'M064', 2),
('B055', 'M064', 2),
('B056', 'M064', 2),
('B057', 'M064', 2),
('B058', 'M064', 2),
('B059', 'M064', 2),
('B060', 'M064', 2),
('B061', 'M064', 2),
('B062', 'M064', 2),
('B063', 'M064', 2),
('B064', 'M064', 2),
('B065', 'M064', 2),
('B066', 'M064', 2),
('B067', 'M064', 2),
('B068', 'M064', 2),
('B069', 'M064', 2),
('B070', 'M064', 2),
('B071', 'M064', 2),
('B072', 'M064', 2),
('B073', 'M064', 2),
('B074', 'M064', 2),
('B075', 'M064', 2),
('B076', 'M064', 2),
('B077', 'M064', 2),
('B078', 'M064', 2),
('B079', 'M064', 2),
('B080', 'M064', 2),
('B081', 'M064', 2),
('B082', 'M064', 2),
('B083', 'M064', 0),
('B084', 'M064', 5),
('B085', 'M064', 4),
('B086', 'M064', 4),
('B087', 'M064', 4),
('B001', 'M065', 5),
('B002', 'M065', 3),
('B003', 'M065', 2),
('B004', 'M065', 2),
('B005', 'M065', 4),
('B006', 'M065', 5),
('B007', 'M065', 5),
('B008', 'M065', 4),
('B009', 'M065', 5),
('B010', 'M065', 5),
('B011', 'M065', 4),
('B012', 'M065', 4),
('B013', 'M065', 4),
('B014', 'M065', 4),
('B015', 'M065', 4),
('B016', 'M065', 4),
('B017', 'M065', 4),
('B018', 'M065', 4),
('B019', 'M065', 5),
('B020', 'M065', 4),
('B021', 'M065', 2),
('B022', 'M065', 4),
('B023', 'M065', 2),
('B024', 'M065', 2),
('B025', 'M065', 2),
('B026', 'M065', 2),
('B027', 'M065', 2),
('B028', 'M065', 2),
('B029', 'M065', 2),
('B030', 'M065', 2),
('B031', 'M065', 2),
('B032', 'M065', 2),
('B033', 'M065', 2),
('B034', 'M065', 2),
('B035', 'M065', 2),
('B036', 'M065', 2),
('B037', 'M065', 2),
('B038', 'M065', 2),
('B039', 'M065', 2),
('B040', 'M065', 2),
('B041', 'M065', 2),
('B042', 'M065', 2),
('B043', 'M065', 2),
('B044', 'M065', 2),
('B045', 'M065', 2),
('B046', 'M065', 2),
('B047', 'M065', 2),
('B048', 'M065', 2),
('B049', 'M065', 2),
('B050', 'M065', 2),
('B051', 'M065', 2),
('B052', 'M065', 2),
('B053', 'M065', 2),
('B054', 'M065', 2),
('B055', 'M065', 2),
('B056', 'M065', 2),
('B057', 'M065', 2),
('B058', 'M065', 2),
('B059', 'M065', 2),
('B060', 'M065', 2),
('B061', 'M065', 2),
('B062', 'M065', 2),
('B063', 'M065', 2),
('B064', 'M065', 2),
('B065', 'M065', 2),
('B066', 'M065', 2),
('B067', 'M065', 2),
('B068', 'M065', 2),
('B069', 'M065', 2),
('B070', 'M065', 2),
('B071', 'M065', 2),
('B072', 'M065', 2),
('B073', 'M065', 2),
('B074', 'M065', 2),
('B075', 'M065', 2),
('B076', 'M065', 2),
('B077', 'M065', 2),
('B078', 'M065', 2),
('B079', 'M065', 2),
('B080', 'M065', 2),
('B081', 'M065', 2),
('B082', 'M065', 2),
('B083', 'M065', 2),
('B084', 'M065', 2),
('B085', 'M065', 4),
('B086', 'M065', 4),
('B087', 'M065', 4),
('B001', 'M066', 4),
('B002', 'M066', 3),
('B003', 'M066', 3),
('B004', 'M066', 3),
('B005', 'M066', 4),
('B006', 'M066', 4),
('B007', 'M066', 4),
('B008', 'M066', 4),
('B009', 'M066', 4),
('B010', 'M066', 4),
('B011', 'M066', 4),
('B012', 'M066', 4),
('B013', 'M066', 4),
('B014', 'M066', 4),
('B015', 'M066', 4),
('B016', 'M066', 4),
('B017', 'M066', 4),
('B018', 'M066', 4),
('B019', 'M066', 4),
('B020', 'M066', 4),
('B021', 'M066', 2),
('B022', 'M066', 4),
('B023', 'M066', 2),
('B024', 'M066', 2),
('B025', 'M066', 2),
('B026', 'M066', 2),
('B027', 'M066', 2),
('B028', 'M066', 2),
('B029', 'M066', 2),
('B030', 'M066', 2),
('B031', 'M066', 2),
('B032', 'M066', 2),
('B033', 'M066', 2),
('B034', 'M066', 2),
('B035', 'M066', 2),
('B036', 'M066', 2),
('B037', 'M066', 2),
('B038', 'M066', 2),
('B039', 'M066', 2),
('B040', 'M066', 2),
('B041', 'M066', 2),
('B042', 'M066', 2),
('B043', 'M066', 2),
('B044', 'M066', 2),
('B045', 'M066', 2),
('B046', 'M066', 2),
('B047', 'M066', 2),
('B048', 'M066', 2),
('B049', 'M066', 2),
('B050', 'M066', 2),
('B051', 'M066', 2),
('B052', 'M066', 2),
('B053', 'M066', 2),
('B054', 'M066', 2),
('B055', 'M066', 2),
('B056', 'M066', 2),
('B057', 'M066', 2),
('B058', 'M066', 2),
('B059', 'M066', 2),
('B060', 'M066', 2),
('B061', 'M066', 2),
('B062', 'M066', 2),
('B063', 'M066', 2),
('B064', 'M066', 2),
('B065', 'M066', 2),
('B066', 'M066', 2),
('B067', 'M066', 2),
('B068', 'M066', 2),
('B069', 'M066', 2),
('B070', 'M066', 2),
('B071', 'M066', 2),
('B072', 'M066', 2),
('B073', 'M066', 2),
('B074', 'M066', 2),
('B075', 'M066', 2),
('B076', 'M066', 2),
('B077', 'M066', 2),
('B078', 'M066', 2),
('B079', 'M066', 2),
('B080', 'M066', 2),
('B081', 'M066', 2),
('B082', 'M066', 2),
('B083', 'M066', 0),
('B084', 'M066', 2),
('B085', 'M066', 4),
('B086', 'M066', 4),
('B087', 'M066', 4),
('B001', 'M067', 4),
('B002', 'M067', 4),
('B003', 'M067', 4),
('B004', 'M067', 4),
('B005', 'M067', 4),
('B006', 'M067', 4),
('B007', 'M067', 4),
('B008', 'M067', 4),
('B009', 'M067', 4),
('B010', 'M067', 4),
('B011', 'M067', 4),
('B012', 'M067', 4),
('B013', 'M067', 0),
('B014', 'M067', 4),
('B015', 'M067', 4),
('B016', 'M067', 4),
('B017', 'M067', 4),
('B018', 'M067', 0),
('B019', 'M067', 4),
('B020', 'M067', 0),
('B021', 'M067', 2),
('B022', 'M067', 2),
('B023', 'M067', 2),
('B024', 'M067', 2),
('B025', 'M067', 2),
('B026', 'M067', 2),
('B027', 'M067', 2),
('B028', 'M067', 2),
('B029', 'M067', 2),
('B030', 'M067', 2),
('B031', 'M067', 2),
('B032', 'M067', 2),
('B033', 'M067', 2),
('B034', 'M067', 2),
('B035', 'M067', 2),
('B036', 'M067', 2),
('B037', 'M067', 2),
('B038', 'M067', 2),
('B039', 'M067', 2),
('B040', 'M067', 2),
('B041', 'M067', 2),
('B042', 'M067', 2),
('B043', 'M067', 2),
('B044', 'M067', 2),
('B045', 'M067', 2),
('B046', 'M067', 2),
('B047', 'M067', 2),
('B048', 'M067', 2),
('B049', 'M067', 2),
('B050', 'M067', 2),
('B051', 'M067', 2),
('B052', 'M067', 2),
('B053', 'M067', 2),
('B054', 'M067', 2),
('B055', 'M067', 2),
('B056', 'M067', 2),
('B057', 'M067', 2),
('B058', 'M067', 2),
('B059', 'M067', 2),
('B060', 'M067', 2),
('B061', 'M067', 2),
('B062', 'M067', 2),
('B063', 'M067', 2),
('B064', 'M067', 2),
('B065', 'M067', 2),
('B066', 'M067', 2),
('B067', 'M067', 2),
('B068', 'M067', 2),
('B069', 'M067', 2),
('B070', 'M067', 2),
('B071', 'M067', 2),
('B072', 'M067', 2),
('B073', 'M067', 2),
('B074', 'M067', 2),
('B075', 'M067', 2),
('B076', 'M067', 2),
('B077', 'M067', 2),
('B078', 'M067', 2),
('B079', 'M067', 2),
('B080', 'M067', 2),
('B081', 'M067', 2),
('B082', 'M067', 2),
('B083', 'M067', 2),
('B084', 'M067', 2),
('B085', 'M067', 4),
('B086', 'M067', 4),
('B087', 'M067', 4),
('B001', 'M068', 4),
('B002', 'M068', 3),
('B003', 'M068', 2),
('B004', 'M068', 2),
('B005', 'M068', 4),
('B006', 'M068', 4),
('B007', 'M068', 4),
('B008', 'M068', 4),
('B009', 'M068', 4),
('B010', 'M068', 4),
('B011', 'M068', 4),
('B012', 'M068', 4),
('B013', 'M068', 0),
('B014', 'M068', 4),
('B015', 'M068', 4),
('B016', 'M068', 4),
('B017', 'M068', 4),
('B018', 'M068', 0),
('B019', 'M068', 4),
('B020', 'M068', 0),
('B021', 'M068', 2),
('B022', 'M068', 2),
('B023', 'M068', 2),
('B024', 'M068', 2),
('B025', 'M068', 2),
('B026', 'M068', 2),
('B027', 'M068', 2),
('B028', 'M068', 2),
('B029', 'M068', 2),
('B030', 'M068', 2),
('B031', 'M068', 2),
('B032', 'M068', 2),
('B033', 'M068', 2),
('B034', 'M068', 2),
('B035', 'M068', 2),
('B036', 'M068', 2),
('B037', 'M068', 2),
('B038', 'M068', 2),
('B039', 'M068', 2),
('B040', 'M068', 2),
('B041', 'M068', 2),
('B042', 'M068', 2),
('B043', 'M068', 2),
('B044', 'M068', 2),
('B045', 'M068', 2),
('B046', 'M068', 2),
('B047', 'M068', 2),
('B048', 'M068', 2),
('B049', 'M068', 2),
('B050', 'M068', 2),
('B051', 'M068', 2),
('B052', 'M068', 2),
('B053', 'M068', 2),
('B054', 'M068', 2),
('B055', 'M068', 2),
('B056', 'M068', 2),
('B057', 'M068', 2),
('B058', 'M068', 2),
('B059', 'M068', 2),
('B060', 'M068', 2),
('B061', 'M068', 2),
('B062', 'M068', 2),
('B063', 'M068', 2),
('B064', 'M068', 2),
('B065', 'M068', 2),
('B066', 'M068', 2),
('B067', 'M068', 2),
('B068', 'M068', 2),
('B069', 'M068', 2),
('B070', 'M068', 2),
('B071', 'M068', 2),
('B072', 'M068', 2),
('B073', 'M068', 2),
('B074', 'M068', 2),
('B075', 'M068', 2),
('B076', 'M068', 2),
('B077', 'M068', 2),
('B078', 'M068', 2),
('B079', 'M068', 2),
('B080', 'M068', 2),
('B081', 'M068', 2),
('B082', 'M068', 2),
('B083', 'M068', 2),
('B084', 'M068', 2),
('B085', 'M068', 4),
('B086', 'M068', 4),
('B087', 'M068', 4),
('B001', 'M069', 4),
('B002', 'M069', 5),
('B003', 'M069', 5),
('B004', 'M069', 5),
('B005', 'M069', 4),
('B006', 'M069', 5),
('B007', 'M069', 4),
('B008', 'M069', 4),
('B009', 'M069', 5),
('B010', 'M069', 5),
('B011', 'M069', 4),
('B012', 'M069', 4),
('B013', 'M069', 2),
('B014', 'M069', 4),
('B015', 'M069', 4),
('B016', 'M069', 4),
('B017', 'M069', 4),
('B018', 'M069', 4),
('B019', 'M069', 4),
('B020', 'M069', 4),
('B021', 'M069', 2),
('B022', 'M069', 4),
('B023', 'M069', 4),
('B024', 'M069', 4),
('B025', 'M069', 2),
('B026', 'M069', 2),
('B027', 'M069', 2),
('B028', 'M069', 2),
('B029', 'M069', 2),
('B030', 'M069', 2),
('B031', 'M069', 2),
('B032', 'M069', 2),
('B033', 'M069', 2),
('B034', 'M069', 2),
('B035', 'M069', 2),
('B036', 'M069', 2),
('B037', 'M069', 2),
('B038', 'M069', 2),
('B039', 'M069', 2),
('B040', 'M069', 2),
('B041', 'M069', 2),
('B042', 'M069', 2),
('B043', 'M069', 2),
('B044', 'M069', 2),
('B045', 'M069', 2),
('B046', 'M069', 2),
('B047', 'M069', 2),
('B048', 'M069', 2),
('B049', 'M069', 2),
('B050', 'M069', 2),
('B051', 'M069', 2),
('B052', 'M069', 2),
('B053', 'M069', 2),
('B054', 'M069', 2),
('B055', 'M069', 2),
('B056', 'M069', 2),
('B057', 'M069', 2),
('B058', 'M069', 2),
('B059', 'M069', 2),
('B060', 'M069', 2),
('B061', 'M069', 2),
('B062', 'M069', 2),
('B063', 'M069', 2),
('B064', 'M069', 2),
('B065', 'M069', 2),
('B066', 'M069', 2),
('B067', 'M069', 2),
('B068', 'M069', 2),
('B069', 'M069', 2),
('B070', 'M069', 2),
('B071', 'M069', 2),
('B072', 'M069', 2),
('B073', 'M069', 2),
('B074', 'M069', 2),
('B075', 'M069', 2),
('B076', 'M069', 2),
('B077', 'M069', 2),
('B078', 'M069', 2),
('B079', 'M069', 2),
('B080', 'M069', 2),
('B081', 'M069', 2),
('B082', 'M069', 2),
('B083', 'M069', 4),
('B084', 'M069', 2),
('B085', 'M069', 4),
('B086', 'M069', 2),
('B087', 'M069', 4),
('B001', 'M070', 4),
('B002', 'M070', 4),
('B003', 'M070', 4),
('B004', 'M070', 4),
('B005', 'M070', 4),
('B006', 'M070', 4),
('B007', 'M070', 4),
('B008', 'M070', 4),
('B009', 'M070', 4),
('B010', 'M070', 4),
('B011', 'M070', 4),
('B012', 'M070', 4),
('B013', 'M070', 2),
('B014', 'M070', 4),
('B015', 'M070', 4),
('B016', 'M070', 4),
('B017', 'M070', 4),
('B018', 'M070', 4),
('B019', 'M070', 4),
('B020', 'M070', 0),
('B021', 'M070', 2),
('B022', 'M070', 0),
('B023', 'M070', 0),
('B024', 'M070', 0),
('B025', 'M070', 2),
('B026', 'M070', 2),
('B027', 'M070', 2),
('B028', 'M070', 2),
('B029', 'M070', 2),
('B030', 'M070', 2),
('B031', 'M070', 2),
('B032', 'M070', 2),
('B033', 'M070', 2),
('B034', 'M070', 2),
('B035', 'M070', 2),
('B036', 'M070', 2),
('B037', 'M070', 2),
('B038', 'M070', 2),
('B039', 'M070', 2),
('B040', 'M070', 2),
('B041', 'M070', 2),
('B042', 'M070', 2),
('B043', 'M070', 2),
('B044', 'M070', 2),
('B045', 'M070', 2),
('B046', 'M070', 2),
('B047', 'M070', 2),
('B048', 'M070', 2),
('B049', 'M070', 2),
('B050', 'M070', 2),
('B051', 'M070', 2),
('B052', 'M070', 2),
('B053', 'M070', 2),
('B054', 'M070', 2),
('B055', 'M070', 2),
('B056', 'M070', 2),
('B057', 'M070', 2),
('B058', 'M070', 2),
('B059', 'M070', 2),
('B060', 'M070', 2),
('B061', 'M070', 2),
('B062', 'M070', 2),
('B063', 'M070', 2),
('B064', 'M070', 2),
('B065', 'M070', 2),
('B066', 'M070', 2),
('B067', 'M070', 2),
('B068', 'M070', 2),
('B069', 'M070', 2),
('B070', 'M070', 2),
('B071', 'M070', 2),
('B072', 'M070', 2),
('B073', 'M070', 2),
('B074', 'M070', 2),
('B075', 'M070', 2),
('B076', 'M070', 2),
('B077', 'M070', 2),
('B078', 'M070', 2),
('B079', 'M070', 2),
('B080', 'M070', 2),
('B081', 'M070', 2),
('B082', 'M070', 2),
('B083', 'M070', 0),
('B084', 'M070', 2),
('B085', 'M070', 2),
('B086', 'M070', 2),
('B087', 'M070', 0),
('B001', 'M071', 2),
('B002', 'M071', 2),
('B003', 'M071', 2),
('B004', 'M071', 2),
('B005', 'M071', 2),
('B006', 'M071', 2),
('B007', 'M071', 2),
('B008', 'M071', 2),
('B009', 'M071', 2),
('B010', 'M071', 2),
('B011', 'M071', 2),
('B012', 'M071', 2),
('B013', 'M071', 2),
('B014', 'M071', 2),
('B015', 'M071', 2),
('B016', 'M071', 2),
('B017', 'M071', 2),
('B018', 'M071', 2),
('B019', 'M071', 2),
('B020', 'M071', 2),
('B021', 'M071', 2),
('B022', 'M071', 2),
('B023', 'M071', 2),
('B024', 'M071', 2),
('B025', 'M071', 4),
('B026', 'M071', 2),
('B027', 'M071', 4),
('B028', 'M071', 4),
('B029', 'M071', 4),
('B030', 'M071', 4),
('B031', 'M071', 4),
('B032', 'M071', 4),
('B033', 'M071', 4),
('B034', 'M071', 4),
('B035', 'M071', 4),
('B036', 'M071', 4),
('B037', 'M071', 4),
('B038', 'M071', 2),
('B039', 'M071', 2),
('B040', 'M071', 2),
('B041', 'M071', 2),
('B042', 'M071', 2),
('B043', 'M071', 2),
('B044', 'M071', 2),
('B045', 'M071', 2),
('B046', 'M071', 2),
('B047', 'M071', 2),
('B048', 'M071', 2),
('B049', 'M071', 2),
('B050', 'M071', 2),
('B051', 'M071', 2),
('B052', 'M071', 2),
('B053', 'M071', 2),
('B054', 'M071', 2),
('B055', 'M071', 2),
('B056', 'M071', 2),
('B057', 'M071', 2),
('B058', 'M071', 2),
('B059', 'M071', 2),
('B060', 'M071', 2),
('B061', 'M071', 2),
('B062', 'M071', 2),
('B063', 'M071', 2),
('B064', 'M071', 2),
('B065', 'M071', 2),
('B066', 'M071', 2),
('B067', 'M071', 2),
('B068', 'M071', 2),
('B069', 'M071', 2),
('B070', 'M071', 2),
('B071', 'M071', 4),
('B072', 'M071', 2),
('B073', 'M071', 4),
('B074', 'M071', 4),
('B075', 'M071', 2),
('B076', 'M071', 2),
('B077', 'M071', 2),
('B078', 'M071', 2),
('B079', 'M071', 2),
('B080', 'M071', 2),
('B081', 'M071', 2),
('B082', 'M071', 2),
('B083', 'M071', 2),
('B084', 'M071', 2),
('B085', 'M071', 2),
('B086', 'M071', 2),
('B087', 'M071', 2),
('B001', 'M072', 2),
('B002', 'M072', 2),
('B003', 'M072', 2),
('B004', 'M072', 2),
('B005', 'M072', 2),
('B006', 'M072', 2),
('B007', 'M072', 2),
('B008', 'M072', 2),
('B009', 'M072', 2),
('B010', 'M072', 2),
('B011', 'M072', 2),
('B012', 'M072', 2),
('B013', 'M072', 2),
('B014', 'M072', 2),
('B015', 'M072', 2),
('B016', 'M072', 2),
('B017', 'M072', 2),
('B018', 'M072', 2),
('B019', 'M072', 2),
('B020', 'M072', 2),
('B021', 'M072', 2),
('B022', 'M072', 2),
('B023', 'M072', 2),
('B024', 'M072', 2),
('B025', 'M072', 4),
('B026', 'M072', 2),
('B027', 'M072', 4),
('B028', 'M072', 4),
('B029', 'M072', 4),
('B030', 'M072', 4),
('B031', 'M072', 4),
('B032', 'M072', 4),
('B033', 'M072', 4),
('B034', 'M072', 4),
('B035', 'M072', 4),
('B036', 'M072', 4),
('B037', 'M072', 4),
('B038', 'M072', 2),
('B039', 'M072', 2),
('B040', 'M072', 2),
('B041', 'M072', 2),
('B042', 'M072', 2),
('B043', 'M072', 2),
('B044', 'M072', 2),
('B045', 'M072', 2),
('B046', 'M072', 2),
('B047', 'M072', 2),
('B048', 'M072', 2),
('B049', 'M072', 2),
('B050', 'M072', 2),
('B051', 'M072', 2),
('B052', 'M072', 2),
('B053', 'M072', 2),
('B054', 'M072', 2),
('B055', 'M072', 2),
('B056', 'M072', 2),
('B057', 'M072', 2),
('B058', 'M072', 2),
('B059', 'M072', 2),
('B060', 'M072', 2),
('B061', 'M072', 2),
('B062', 'M072', 2),
('B063', 'M072', 2),
('B064', 'M072', 2),
('B065', 'M072', 2),
('B066', 'M072', 2),
('B067', 'M072', 2),
('B068', 'M072', 2),
('B069', 'M072', 2),
('B070', 'M072', 2),
('B071', 'M072', 4),
('B072', 'M072', 2),
('B073', 'M072', 4),
('B074', 'M072', 4),
('B075', 'M072', 2),
('B076', 'M072', 2),
('B077', 'M072', 2),
('B078', 'M072', 2),
('B079', 'M072', 2),
('B080', 'M072', 2),
('B081', 'M072', 2),
('B082', 'M072', 2),
('B083', 'M072', 2),
('B084', 'M072', 2),
('B085', 'M072', 2),
('B086', 'M072', 2),
('B087', 'M072', 2),
('B001', 'M073', 3),
('B002', 'M073', 3),
('B003', 'M073', 2),
('B004', 'M073', 2),
('B005', 'M073', 4),
('B006', 'M073', 4),
('B007', 'M073', 4),
('B008', 'M073', 4),
('B009', 'M073', 4),
('B010', 'M073', 4),
('B011', 'M073', 4),
('B012', 'M073', 4),
('B013', 'M073', 2),
('B014', 'M073', 0),
('B015', 'M073', 0),
('B016', 'M073', 0),
('B017', 'M073', 0),
('B018', 'M073', 0),
('B019', 'M073', 0),
('B020', 'M073', 2),
('B021', 'M073', 2),
('B022', 'M073', 2),
('B023', 'M073', 2),
('B024', 'M073', 2),
('B025', 'M073', 2),
('B026', 'M073', 2),
('B027', 'M073', 2),
('B028', 'M073', 2),
('B029', 'M073', 2),
('B030', 'M073', 2),
('B031', 'M073', 2),
('B032', 'M073', 2),
('B033', 'M073', 2),
('B034', 'M073', 2),
('B035', 'M073', 2),
('B036', 'M073', 2),
('B037', 'M073', 2),
('B038', 'M073', 2),
('B039', 'M073', 2),
('B040', 'M073', 2),
('B041', 'M073', 2),
('B042', 'M073', 2),
('B043', 'M073', 2),
('B044', 'M073', 2),
('B045', 'M073', 2),
('B046', 'M073', 2),
('B047', 'M073', 2),
('B048', 'M073', 2),
('B049', 'M073', 2),
('B050', 'M073', 2),
('B051', 'M073', 2),
('B052', 'M073', 2),
('B053', 'M073', 2),
('B054', 'M073', 2),
('B055', 'M073', 2),
('B056', 'M073', 2),
('B057', 'M073', 2),
('B058', 'M073', 2),
('B059', 'M073', 2),
('B060', 'M073', 2),
('B061', 'M073', 2),
('B062', 'M073', 2),
('B063', 'M073', 2),
('B064', 'M073', 2),
('B065', 'M073', 2),
('B066', 'M073', 2),
('B067', 'M073', 2),
('B068', 'M073', 2),
('B069', 'M073', 2),
('B070', 'M073', 2),
('B071', 'M073', 2),
('B072', 'M073', 2),
('B073', 'M073', 2),
('B074', 'M073', 2),
('B075', 'M073', 2),
('B076', 'M073', 2),
('B077', 'M073', 2),
('B078', 'M073', 2),
('B079', 'M073', 2),
('B080', 'M073', 2),
('B081', 'M073', 2),
('B082', 'M073', 2),
('B083', 'M073', 2),
('B084', 'M073', 2),
('B085', 'M073', 2),
('B086', 'M073', 2),
('B087', 'M073', 2),
('B001', 'M074', 3),
('B002', 'M074', 3),
('B003', 'M074', 3),
('B004', 'M074', 3),
('B005', 'M074', 3),
('B006', 'M074', 3),
('B007', 'M074', 3),
('B008', 'M074', 3),
('B009', 'M074', 3),
('B010', 'M074', 3),
('B011', 'M074', 3),
('B012', 'M074', 3),
('B013', 'M074', 2),
('B014', 'M074', 2),
('B015', 'M074', 2),
('B016', 'M074', 2),
('B017', 'M074', 2),
('B018', 'M074', 2),
('B019', 'M074', 2),
('B020', 'M074', 2),
('B021', 'M074', 2),
('B022', 'M074', 2),
('B023', 'M074', 2),
('B024', 'M074', 2),
('B025', 'M074', 2),
('B026', 'M074', 2),
('B027', 'M074', 2),
('B028', 'M074', 2),
('B029', 'M074', 2),
('B030', 'M074', 2),
('B031', 'M074', 2),
('B032', 'M074', 2),
('B033', 'M074', 2),
('B034', 'M074', 2),
('B035', 'M074', 2),
('B036', 'M074', 2),
('B037', 'M074', 2),
('B038', 'M074', 2),
('B039', 'M074', 2),
('B040', 'M074', 2),
('B041', 'M074', 2),
('B042', 'M074', 2),
('B043', 'M074', 2),
('B044', 'M074', 2),
('B045', 'M074', 2),
('B046', 'M074', 3),
('B047', 'M074', 2),
('B048', 'M074', 2),
('B049', 'M074', 3),
('B050', 'M074', 2),
('B051', 'M074', 3),
('B052', 'M074', 3),
('B053', 'M074', 2),
('B054', 'M074', 2),
('B055', 'M074', 2),
('B056', 'M074', 2),
('B057', 'M074', 2),
('B058', 'M074', 2),
('B059', 'M074', 3),
('B060', 'M074', 2),
('B061', 'M074', 2),
('B062', 'M074', 2),
('B063', 'M074', 2),
('B064', 'M074', 2),
('B065', 'M074', 2),
('B066', 'M074', 2),
('B067', 'M074', 2),
('B068', 'M074', 2),
('B069', 'M074', 2),
('B070', 'M074', 2),
('B071', 'M074', 2),
('B072', 'M074', 2),
('B073', 'M074', 2),
('B074', 'M074', 2),
('B075', 'M074', 2),
('B076', 'M074', 3),
('B077', 'M074', 2),
('B078', 'M074', 2),
('B079', 'M074', 2),
('B080', 'M074', 2),
('B081', 'M074', 2),
('B082', 'M074', 2),
('B083', 'M074', 2),
('B084', 'M074', 2),
('B085', 'M074', 2),
('B086', 'M074', 2),
('B087', 'M074', 2),
('B001', 'M075', 2),
('B002', 'M075', 2),
('B003', 'M075', 2),
('B004', 'M075', 2),
('B005', 'M075', 4),
('B006', 'M075', 4),
('B007', 'M075', 4),
('B008', 'M075', 4),
('B009', 'M075', 4),
('B010', 'M075', 4),
('B011', 'M075', 4),
('B012', 'M075', 4),
('B013', 'M075', 4),
('B014', 'M075', 2),
('B015', 'M075', 3),
('B016', 'M075', 3),
('B017', 'M075', 3),
('B018', 'M075', 3),
('B019', 'M075', 0),
('B020', 'M075', 2),
('B021', 'M075', 2),
('B022', 'M075', 2),
('B023', 'M075', 4),
('B024', 'M075', 5),
('B025', 'M075', 4),
('B026', 'M075', 2),
('B027', 'M075', 3),
('B028', 'M075', 3),
('B029', 'M075', 4),
('B030', 'M075', 4),
('B031', 'M075', 3),
('B032', 'M075', 3),
('B033', 'M075', 3),
('B034', 'M075', 2),
('B035', 'M075', 3),
('B036', 'M075', 3),
('B037', 'M075', 3),
('B038', 'M075', 3),
('B039', 'M075', 3),
('B040', 'M075', 3),
('B041', 'M075', 3),
('B042', 'M075', 3),
('B043', 'M075', 4),
('B044', 'M075', 3),
('B045', 'M075', 4),
('B046', 'M075', 2),
('B047', 'M075', 4),
('B048', 'M075', 2),
('B049', 'M075', 4),
('B050', 'M075', 3),
('B051', 'M075', 4),
('B052', 'M075', 2),
('B053', 'M075', 2),
('B054', 'M075', 2),
('B055', 'M075', 2),
('B056', 'M075', 4),
('B057', 'M075', 4),
('B058', 'M075', 5),
('B059', 'M075', 4),
('B060', 'M075', 0),
('B061', 'M075', 4),
('B062', 'M075', 2),
('B063', 'M075', 2),
('B064', 'M075', 4),
('B065', 'M075', 2),
('B066', 'M075', 2),
('B067', 'M075', 2),
('B068', 'M075', 0),
('B069', 'M075', 0),
('B070', 'M075', 4),
('B071', 'M075', 3),
('B072', 'M075', 3),
('B073', 'M075', 2),
('B074', 'M075', 5),
('B075', 'M075', 2),
('B076', 'M075', 2),
('B077', 'M075', 2),
('B078', 'M075', 2),
('B079', 'M075', 2),
('B080', 'M075', 2),
('B081', 'M075', 2),
('B082', 'M075', 2),
('B083', 'M075', 2),
('B084', 'M075', 2),
('B085', 'M075', 2),
('B086', 'M075', 3),
('B087', 'M075', 2),
('B001', 'M076', 4),
('B002', 'M076', 4),
('B003', 'M076', 4),
('B004', 'M076', 4),
('B005', 'M076', 2),
('B006', 'M076', 2),
('B007', 'M076', 2),
('B008', 'M076', 2),
('B009', 'M076', 2),
('B010', 'M076', 2),
('B011', 'M076', 2),
('B012', 'M076', 2),
('B013', 'M076', 4),
('B014', 'M076', 2),
('B015', 'M076', 2),
('B016', 'M076', 2),
('B017', 'M076', 2),
('B018', 'M076', 2),
('B019', 'M076', 2),
('B020', 'M076', 2),
('B021', 'M076', 2),
('B022', 'M076', 2),
('B023', 'M076', 2),
('B024', 'M076', 2),
('B025', 'M076', 2),
('B026', 'M076', 2),
('B027', 'M076', 3),
('B028', 'M076', 3),
('B029', 'M076', 3),
('B030', 'M076', 3),
('B031', 'M076', 4),
('B032', 'M076', 3),
('B033', 'M076', 3),
('B034', 'M076', 2),
('B035', 'M076', 3),
('B036', 'M076', 4),
('B037', 'M076', 4),
('B038', 'M076', 2),
('B039', 'M076', 2),
('B040', 'M076', 2),
('B041', 'M076', 2),
('B042', 'M076', 2),
('B043', 'M076', 2),
('B044', 'M076', 2),
('B045', 'M076', 2),
('B046', 'M076', 2),
('B047', 'M076', 2),
('B048', 'M076', 2),
('B049', 'M076', 2),
('B050', 'M076', 2),
('B051', 'M076', 2),
('B052', 'M076', 2),
('B053', 'M076', 2),
('B054', 'M076', 2),
('B055', 'M076', 2),
('B056', 'M076', 2),
('B057', 'M076', 2),
('B058', 'M076', 2),
('B059', 'M076', 2),
('B060', 'M076', 2),
('B061', 'M076', 2),
('B062', 'M076', 2),
('B063', 'M076', 2),
('B064', 'M076', 2),
('B065', 'M076', 2),
('B066', 'M076', 2),
('B067', 'M076', 2),
('B068', 'M076', 2),
('B069', 'M076', 2),
('B070', 'M076', 2),
('B071', 'M076', 2),
('B072', 'M076', 2),
('B073', 'M076', 2),
('B074', 'M076', 2),
('B075', 'M076', 2),
('B076', 'M076', 2),
('B077', 'M076', 2),
('B078', 'M076', 2),
('B079', 'M076', 2),
('B080', 'M076', 2),
('B081', 'M076', 2),
('B082', 'M076', 2),
('B083', 'M076', 2),
('B084', 'M076', 2),
('B085', 'M076', 2),
('B086', 'M076', 2),
('B087', 'M076', 2),
('B001', 'M077', 3),
('B002', 'M077', 3),
('B003', 'M077', 3),
('B004', 'M077', 3),
('B005', 'M077', 4),
('B006', 'M077', 4),
('B007', 'M077', 4),
('B008', 'M077', 4),
('B009', 'M077', 3),
('B010', 'M077', 3),
('B011', 'M077', 4),
('B012', 'M077', 2),
('B013', 'M077', 3),
('B014', 'M077', 2),
('B015', 'M077', 4),
('B016', 'M077', 4),
('B017', 'M077', 4),
('B018', 'M077', 4),
('B019', 'M077', 2),
('B020', 'M077', 2),
('B021', 'M077', 2),
('B022', 'M077', 2),
('B023', 'M077', 2),
('B024', 'M077', 2),
('B025', 'M077', 0),
('B026', 'M077', 2),
('B027', 'M077', 4),
('B028', 'M077', 4),
('B029', 'M077', 3),
('B030', 'M077', 3),
('B031', 'M077', 4),
('B032', 'M077', 4),
('B033', 'M077', 3),
('B034', 'M077', 3),
('B035', 'M077', 3),
('B036', 'M077', 3),
('B037', 'M077', 3),
('B038', 'M077', 2),
('B039', 'M077', 4),
('B040', 'M077', 3),
('B041', 'M077', 4),
('B042', 'M077', 2),
('B043', 'M077', 3),
('B044', 'M077', 2),
('B045', 'M077', 2),
('B046', 'M077', 2),
('B047', 'M077', 2),
('B048', 'M077', 2),
('B049', 'M077', 2),
('B050', 'M077', 2),
('B051', 'M077', 2),
('B052', 'M077', 2),
('B053', 'M077', 2),
('B054', 'M077', 2),
('B055', 'M077', 2),
('B056', 'M077', 4),
('B057', 'M077', 2),
('B058', 'M077', 2),
('B059', 'M077', 2),
('B060', 'M077', 2),
('B061', 'M077', 2),
('B062', 'M077', 2),
('B063', 'M077', 2),
('B064', 'M077', 2),
('B065', 'M077', 2),
('B066', 'M077', 2),
('B067', 'M077', 2),
('B068', 'M077', 2),
('B069', 'M077', 2),
('B070', 'M077', 2),
('B071', 'M077', 2),
('B072', 'M077', 2),
('B073', 'M077', 3),
('B074', 'M077', 2),
('B075', 'M077', 2),
('B076', 'M077', 2),
('B077', 'M077', 2),
('B078', 'M077', 2),
('B079', 'M077', 2),
('B080', 'M077', 2),
('B081', 'M077', 2),
('B082', 'M077', 2),
('B083', 'M077', 2),
('B084', 'M077', 2),
('B085', 'M077', 2),
('B086', 'M077', 2),
('B087', 'M077', 4),
('B001', 'M078', 3),
('B002', 'M078', 3),
('B003', 'M078', 3),
('B004', 'M078', 3),
('B005', 'M078', 2),
('B006', 'M078', 2),
('B007', 'M078', 2),
('B008', 'M078', 2),
('B009', 'M078', 2),
('B010', 'M078', 2),
('B011', 'M078', 2),
('B012', 'M078', 2),
('B013', 'M078', 3),
('B014', 'M078', 2),
('B015', 'M078', 2),
('B016', 'M078', 2),
('B017', 'M078', 2),
('B018', 'M078', 2),
('B019', 'M078', 2),
('B020', 'M078', 2),
('B021', 'M078', 2),
('B022', 'M078', 2),
('B023', 'M078', 2),
('B024', 'M078', 2),
('B025', 'M078', 2),
('B026', 'M078', 2),
('B027', 'M078', 4),
('B028', 'M078', 4),
('B029', 'M078', 3),
('B030', 'M078', 3),
('B031', 'M078', 4),
('B032', 'M078', 4),
('B033', 'M078', 3),
('B034', 'M078', 3),
('B035', 'M078', 3),
('B036', 'M078', 3),
('B037', 'M078', 3),
('B038', 'M078', 2),
('B039', 'M078', 4),
('B040', 'M078', 3),
('B041', 'M078', 4),
('B042', 'M078', 2),
('B043', 'M078', 3),
('B044', 'M078', 2),
('B045', 'M078', 2),
('B046', 'M078', 2),
('B047', 'M078', 2),
('B048', 'M078', 2),
('B049', 'M078', 2),
('B050', 'M078', 2),
('B051', 'M078', 2),
('B052', 'M078', 2),
('B053', 'M078', 2),
('B054', 'M078', 2),
('B055', 'M078', 2),
('B056', 'M078', 2),
('B057', 'M078', 2),
('B058', 'M078', 2),
('B059', 'M078', 2),
('B060', 'M078', 2),
('B061', 'M078', 2),
('B062', 'M078', 2),
('B063', 'M078', 2),
('B064', 'M078', 2),
('B065', 'M078', 2),
('B066', 'M078', 2),
('B067', 'M078', 2),
('B068', 'M078', 2),
('B069', 'M078', 2),
('B070', 'M078', 2),
('B071', 'M078', 2),
('B072', 'M078', 2),
('B073', 'M078', 3),
('B074', 'M078', 2),
('B075', 'M078', 2),
('B076', 'M078', 2),
('B077', 'M078', 2),
('B078', 'M078', 2),
('B079', 'M078', 2),
('B080', 'M078', 2),
('B081', 'M078', 2),
('B082', 'M078', 2),
('B083', 'M078', 2),
('B084', 'M078', 2),
('B085', 'M078', 2),
('B086', 'M078', 2),
('B087', 'M078', 2),
('B001', 'M079', 2),
('B002', 'M079', 2),
('B003', 'M079', 2),
('B004', 'M079', 2),
('B005', 'M079', 2),
('B006', 'M079', 2),
('B007', 'M079', 2),
('B008', 'M079', 2),
('B009', 'M079', 2),
('B010', 'M079', 2),
('B011', 'M079', 2),
('B012', 'M079', 2),
('B013', 'M079', 2),
('B014', 'M079', 2),
('B015', 'M079', 2),
('B016', 'M079', 2),
('B017', 'M079', 2),
('B018', 'M079', 2),
('B019', 'M079', 2),
('B020', 'M079', 2),
('B021', 'M079', 2),
('B022', 'M079', 2),
('B023', 'M079', 2),
('B024', 'M079', 2),
('B025', 'M079', 2),
('B026', 'M079', 2),
('B027', 'M079', 2),
('B028', 'M079', 2),
('B029', 'M079', 2),
('B030', 'M079', 2),
('B031', 'M079', 2),
('B032', 'M079', 2),
('B033', 'M079', 2),
('B034', 'M079', 2),
('B035', 'M079', 2),
('B036', 'M079', 2),
('B037', 'M079', 2),
('B038', 'M079', 2),
('B039', 'M079', 2),
('B040', 'M079', 2),
('B041', 'M079', 2),
('B042', 'M079', 2),
('B043', 'M079', 2),
('B044', 'M079', 2),
('B045', 'M079', 2),
('B046', 'M079', 2),
('B047', 'M079', 2),
('B048', 'M079', 2),
('B049', 'M079', 2),
('B050', 'M079', 2),
('B051', 'M079', 2),
('B052', 'M079', 2),
('B053', 'M079', 2),
('B054', 'M079', 2),
('B055', 'M079', 2),
('B056', 'M079', 2),
('B057', 'M079', 2),
('B058', 'M079', 2),
('B059', 'M079', 2),
('B060', 'M079', 2),
('B061', 'M079', 2),
('B062', 'M079', 2),
('B063', 'M079', 2),
('B064', 'M079', 2),
('B065', 'M079', 2),
('B066', 'M079', 2),
('B067', 'M079', 2),
('B068', 'M079', 2),
('B069', 'M079', 2),
('B070', 'M079', 2),
('B071', 'M079', 2),
('B072', 'M079', 2),
('B073', 'M079', 2),
('B074', 'M079', 2),
('B075', 'M079', 2),
('B076', 'M079', 2),
('B077', 'M079', 2),
('B078', 'M079', 2),
('B079', 'M079', 2),
('B080', 'M079', 5),
('B081', 'M079', 5),
('B082', 'M079', 5),
('B083', 'M079', 2),
('B084', 'M079', 5),
('B085', 'M079', 4),
('B086', 'M079', 2),
('B087', 'M079', 3),
('B001', 'M080', 2),
('B002', 'M080', 4),
('B003', 'M080', 2),
('B004', 'M080', 4),
('B005', 'M080', 4),
('B006', 'M080', 4),
('B007', 'M080', 4),
('B008', 'M080', 4),
('B009', 'M080', 4),
('B010', 'M080', 4),
('B011', 'M080', 4),
('B012', 'M080', 4),
('B013', 'M080', 2),
('B014', 'M080', 4),
('B015', 'M080', 4),
('B016', 'M080', 4),
('B017', 'M080', 4),
('B018', 'M080', 4),
('B019', 'M080', 4),
('B020', 'M080', 4),
('B021', 'M080', 2),
('B022', 'M080', 0),
('B023', 'M080', 2),
('B024', 'M080', 2),
('B025', 'M080', 2),
('B026', 'M080', 2),
('B027', 'M080', 2),
('B028', 'M080', 2),
('B029', 'M080', 2),
('B030', 'M080', 2),
('B031', 'M080', 2),
('B032', 'M080', 2),
('B033', 'M080', 2),
('B034', 'M080', 2),
('B035', 'M080', 2),
('B036', 'M080', 2),
('B037', 'M080', 2),
('B038', 'M080', 2),
('B039', 'M080', 2),
('B040', 'M080', 2),
('B041', 'M080', 2),
('B042', 'M080', 2),
('B043', 'M080', 2),
('B044', 'M080', 2),
('B045', 'M080', 2),
('B046', 'M080', 2),
('B047', 'M080', 2),
('B048', 'M080', 2),
('B049', 'M080', 2),
('B050', 'M080', 2),
('B051', 'M080', 2),
('B052', 'M080', 2),
('B053', 'M080', 2),
('B054', 'M080', 2),
('B055', 'M080', 2),
('B056', 'M080', 2),
('B057', 'M080', 2),
('B058', 'M080', 2),
('B059', 'M080', 2),
('B060', 'M080', 2),
('B061', 'M080', 2),
('B062', 'M080', 2),
('B063', 'M080', 2),
('B064', 'M080', 2),
('B065', 'M080', 2),
('B066', 'M080', 2),
('B067', 'M080', 2),
('B068', 'M080', 2),
('B069', 'M080', 2),
('B070', 'M080', 2),
('B071', 'M080', 2),
('B072', 'M080', 2),
('B073', 'M080', 2),
('B074', 'M080', 2),
('B075', 'M080', 2),
('B076', 'M080', 2),
('B077', 'M080', 2),
('B078', 'M080', 2),
('B079', 'M080', 2),
('B080', 'M080', 2),
('B081', 'M080', 2),
('B082', 'M080', 2),
('B083', 'M080', 4),
('B084', 'M080', 2),
('B085', 'M080', 4),
('B086', 'M080', 2),
('B087', 'M080', 0);
